st,occp,age_bin,p5,p10,p25,p50,p75,p95
1,1,1,0,2200,15000,30000,45000,75000
1,1,2,0,2700,20000,40000,55000,96000
1,1,3,0,2000,23000,43000,64000,120000
1,1,4,0,2500,24000,45000,66000,126000
1,1,5,0,0,8000,42000,74000,152500
1,2,1,0,0,4500,16000,27000,50000
1,2,2,0,0,5800,20000,31000,60000
1,2,3,0,0,8000,23500,38000,75000
1,2,4,0,0,10000,27000,41000,85000
1,2,5,0,0,1100,22600,40000,88000
1,3,1,0,0,1000,10350,20750,41000
1,3,2,0,0,275,11000,23700,50000
1,3,3,0,0,400,10600,25000,60000
1,3,4,0,0,750,12100,30000,68000
1,3,5,0,0,0,11000,24000,62000
1,4,1,0,0,9600,24000,37000,65000
1,4,2,0,0,8000,25000,40000,76000
1,4,3,0,0,10000,27000,45000,81000
1,4,4,0,0,12000,30000,50000,90000
1,4,5,0,0,0,28000,50000,90000
1,5,1,0,0,7000,20000,32000,60000
1,5,2,0,0,10000,24000,40000,70000
1,5,3,0,0,10000,25000,42000,80000
1,5,4,0,0,11500,26000,45000,90000
1,5,5,0,0,3000,24000,42000,80000
1,6,1,0,0,1850,13250,22550,50000
1,6,2,0,0,4000,13800,30000,60000
1,6,3,0,0,0,5300,21000,46000
1,6,4,0,0,25,13250,23700,72000
1,6,5,0,0,0,12000,31000,78000
2,1,1,0,1500,15350,30000,47650,73000
2,1,2,0,0,20000,42000,60000,98000
2,1,3,0,250,23000,49000,70000,130000
2,1,4,0,2100,23000,48000,75000,127000
2,1,5,0,0,10000,48000,80000,150000
2,2,1,0,0,4000,20000,32000,60000
2,2,2,0,0,4000,21900,39000,80000
2,2,3,0,0,4600,25000,46000,72000
2,2,4,0,600,15000,30250,50000,93000
2,2,5,0,0,5000,30000,50000,90000
2,3,1,0,0,1800,16000,30000,60000
2,3,2,0,0,1300,13800,30000,70000
2,3,3,0,0,4000,17800,43600,95000
2,3,4,0,0,4100,19500,44000,97000
2,3,5,0,0,880,15000,35000,82000
2,4,1,20,2700,17000,33000,58000,100000
2,4,2,0,0,10700,30000,60000,104000
2,4,3,0,0,10000,45100,80000,130000
2,4,4,0,0,8000,39000,70000,126000
2,4,5,0,0,800,33000,70000,134000
2,5,1,0,0,4000,22000,39800,80000
2,5,2,0,0,4000,21000,41000,91000
2,5,3,0,0,2000,20000,50000,96000
2,5,4,0,0,12000,32000,57000,130000
2,5,5,0,0,3000,23000,56500,120000
2,6,1,0,0,0,5000,30000,75000
2,6,2,0,0,0,2900,25000,52000
2,6,3,0,0,0,3500,16400,45000
2,6,4,0,0,0,970,20000,35000
2,6,5,0,0,0,0,18000,100000
4,1,1,0,1200,16400,34000,49000,80000
4,1,2,0,3500,24000,40000,60000,100000
4,1,3,0,1300,27000,45000,70000,127000
4,1,4,0,3500,30000,50000,80000,150000
4,1,5,0,0,6200,44000,80000,175000
4,2,1,0,0,7000,20400,32000,57000
4,2,2,0,0,8000,25000,40000,75000
4,2,3,0,0,8000,27000,43000,95000
4,2,4,0,0,11000,30000,50000,100000
4,2,5,0,0,0,24000,45000,100000
4,3,1,0,0,2500,14400,25000,50000
4,3,2,0,0,1300,15000,30000,62000
4,3,3,0,0,800,15000,32000,75000
4,3,4,0,0,2500,17000,35000,80000
4,3,5,0,0,0,12000,26500,72000
4,4,1,0,0,6500,22000,35000,60000
4,4,2,0,0,7100,25000,40000,70000
4,4,3,0,0,9000,27250,45000,80000
4,4,4,0,0,10000,30000,47400,85000
4,4,5,0,0,0,25800,49450,90000
4,5,1,0,0,3000,15450,29800,51000
4,5,2,0,0,5000,20000,36000,65000
4,5,3,0,0,4500,22500,40000,74000
4,5,4,0,0,11100,27700,45000,84000
4,5,5,0,0,2500,22000,42000,90000
4,6,1,0,0,1100,9050,23500,38000
4,6,2,0,0,1400,14000,21900,47000
4,6,3,0,0,4000,12000,24500,40000
4,6,4,0,0,1100,11000,24000,54500
4,6,5,0,0,0,11000,26000,57000
5,1,1,0,1500,14200,30000,43000,73000
5,1,2,0,2300,18000,35000,50000,90000
5,1,3,0,660,19000,39000,60000,110000
5,1,4,0,4000,22100,41000,65000,130000
5,1,5,0,0,7000,38000,64000,141000
5,2,1,0,0,6000,18000,28000,52000
5,2,2,0,0,7000,21000,35000,70000
5,2,3,0,0,9200,25000,40000,100000
5,2,4,0,0,10000,25400,41500,100000
5,2,5,0,0,1000,21900,40000,90000
5,3,1,0,0,1800,10200,20000,40000
5,3,2,0,0,235,10000,21200,48750
5,3,3,0,0,600,10850,25000,55000
5,3,4,0,0,0,13000,25000,55000
5,3,5,0,0,0,9500,22000,52000
5,4,1,0,0,9600,24000,36300,66000
5,4,2,0,0,12500,27000,41600,80000
5,4,3,0,0,8000,25400,43200,85000
5,4,4,0,0,9600,30000,48000,83000
5,4,5,0,0,0,25000,45000,80000
5,5,1,0,0,9000,20000,32000,60000
5,5,2,0,0,7750,23200,40000,70000
5,5,3,0,0,10000,23000,35000,77000
5,5,4,0,0,8250,24000,40000,75000
5,5,5,0,0,1100,23000,40000,75000
5,6,1,0,0,5000,15050,27000,43600
5,6,2,0,0,2500,19000,27000,48000
5,6,3,0,0,4000,21600,30000,50000
5,6,4,0,0,2900,22150,31600,56000
5,6,5,0,0,0,14000,28000,60000
6,1,1,0,1300,15000,35000,60000,105000
6,1,2,0,800,22000,48000,77000,140000
6,1,3,0,0,27000,57000,90000,175000
6,1,4,0,0,30000,65000,100000,200000
6,1,5,0,0,6900,55000,100000,218000
6,2,1,0,0,6800,20000,33700,65000
6,2,2,0,0,9000,25000,41000,85000
6,2,3,0,0,10000,30000,50000,108000
6,2,4,0,0,11400,31600,54000,126000
6,2,5,0,0,750,28000,53000,120000
6,3,1,0,0,3200,15000,25000,55000
6,3,2,0,0,3000,16000,30000,75000
6,3,3,0,0,2000,16400,33500,90000
6,3,4,0,0,2000,16400,34000,97000
6,3,5,0,0,0,12000,28500,85000
6,4,1,0,0,9100,24000,39000,70000
6,4,2,0,0,10500,27300,45000,84000
6,4,3,0,0,10000,30000,50000,90000
6,4,4,0,0,12000,30000,52000,100000
6,4,5,0,0,0,27000,55000,100000
6,5,1,0,0,5000,18000,30000,55000
6,5,2,0,0,7000,20000,35000,69000
6,5,3,0,0,8400,22000,40000,75000
6,5,4,0,0,10000,23400,41000,80000
6,5,5,0,0,4300,23300,43200,85000
6,6,1,0,0,6150,14000,21550,34800
6,6,2,0,0,7000,15000,22900,40000
6,6,3,0,0,7000,15000,23000,43000
6,6,4,0,0,7800,15000,24450,40300
6,6,5,0,0,4800,14000,25000,50000
8,1,1,0,4050,20000,35000,50000,85000
8,1,2,0,2400,24000,45000,65000,110000
8,1,3,0,1800,28700,50000,80000,140000
8,1,4,0,2500,30000,55000,89000,170000
8,1,5,0,0,10000,50000,90000,193000
8,2,1,0,0,10000,23000,36000,62000
8,2,2,0,0,10750,29000,44000,85000
8,2,3,0,0,12000,30000,50000,120000
8,2,4,0,0,14000,33800,55000,125000
8,2,5,0,0,3000,26000,50000,120000
8,3,1,0,0,5400,18000,30000,50000
8,3,2,0,0,4200,20000,35000,63000
8,3,3,0,0,2500,18000,35000,72000
8,3,4,0,0,4000,20000,40000,80000
8,3,5,0,0,0,14000,32000,80000
8,4,1,0,0,15000,29000,42000,75000
8,4,2,0,0,13000,30000,50000,86000
8,4,3,0,0,13700,34000,52000,90000
8,4,4,0,0,17000,36400,55000,95000
8,4,5,0,0,0,30000,54000,92000
8,5,1,0,0,8000,21000,35000,60000
8,5,2,0,0,8000,25000,40900,80000
8,5,3,0,0,10000,28000,44000,80000
8,5,4,0,0,14000,32000,50000,90000
8,5,5,0,0,2500,25000,45000,89000
8,6,1,0,0,5500,20000,30000,50000
8,6,2,0,0,2250,20000,30500,52000
8,6,3,0,0,3750,20000,30500,60000
8,6,4,0,0,9600,20000,33300,60000
8,6,5,0,0,0,13000,30000,65000
9,1,1,0,4850,20000,40000,60000,92000
9,1,2,0,6900,30000,53000,74000,120000
9,1,3,0,3000,32500,60000,86000,180000
9,1,4,0,5000,35000,67000,100000,230000
9,1,5,0,0,16000,60000,100000,260000
9,2,1,0,0,9000,23700,38000,65000
9,2,2,0,0,12000,31000,50000,110000
9,2,3,0,0,13000,32600,55000,150000
9,2,4,0,320,17000,40000,65000,220000
9,2,5,0,0,5000,33300,60000,150000
9,3,1,0,0,4000,15600,28600,58000
9,3,2,0,0,3500,18900,35000,80000
9,3,3,0,0,3000,20000,40000,91000
9,3,4,0,0,3500,20000,45000,100000
9,3,5,0,0,200,15000,36000,90000
9,4,1,0,0,14000,30000,47000,72000
9,4,2,0,0,12000,32000,50000,85000
9,4,3,0,0,8350,32200,52000,86000
9,4,4,0,0,8000,37000,60000,105000
9,4,5,0,0,0,36000,61000,100000
9,5,1,0,0,6200,19200,32200,58000
9,5,2,0,0,7300,20000,35500,62000
9,5,3,0,0,7000,24000,40000,80000
9,5,4,0,0,10600,25000,42000,75000
9,5,5,0,0,5000,28000,50000,90000
9,6,1,5000,5200,10650,20000,28000,35200
9,6,2,0,0,0,6000,24000,50000
9,6,3,0,0,5200,24500,32000,46000
9,6,4,0,0,0,15000,20000,46000
9,6,5,0,0,0,7000,25000,60000
10,1,1,0,6000,21000,36000,50000,80000
10,1,2,500,12000,30000,48000,65000,100000
10,1,3,0,10000,30000,50000,75000,121000
10,1,4,0,6400,35000,60000,89000,164000
10,1,5,0,0,9600,50000,85000,168000
10,2,1,0,0,8600,20800,35000,50000
10,2,2,0,560,8100,27000,40000,70000
10,2,3,0,990,14000,30000,45000,85000
10,2,4,0,2000,15600,30900,49000,96000
10,2,5,0,0,985,25000,48000,100000
10,3,1,0,0,4100,14600,28000,52000
10,3,2,0,0,3000,14000,30000,56000
10,3,3,0,0,4300,20400,39000,80000
10,3,4,0,0,9900,22000,39200,80000
10,3,5,0,0,340,12000,30000,72000
10,4,1,0,0,12000,29600,40000,69000
10,4,2,0,4500,23000,35000,51000,75000
10,4,3,0,0,15000,35000,52500,102000
10,4,4,0,0,20000,38000,60000,102000
10,4,5,0,0,0,35200,57000,100000
10,5,1,0,800,11000,22000,31200,58000
10,5,2,0,4000,15000,30000,45000,85000
10,5,3,0,0,6300,25000,37000,78000
10,5,4,0,0,9000,28000,50000,95000
10,5,5,0,0,4000,22000,45000,85000
10,6,1,0,0,0,16900,30000,37000
10,6,2,0,0,8200,28000,31000,40000
10,6,3,0,0,3500,30000,36250,93000
10,6,4,0,0,3000,8000,20000,78000
10,6,5,0,0,0,7000,28000,70000
11,1,1,240,8000,35000,50000,68000,105000
11,1,2,4000,20000,48000,68000,94000,160000
11,1,3,0,21000,60000,89000,120000,220000
11,1,4,0,12000,58000,95000,130000,230000
11,1,5,0,0,17000,78000,130000,300000
11,2,1,0,0,7000,33200,50000,90000
11,2,2,0,0,12800,38100,65000,120000
11,2,3,0,0,14400,42500,85000,180000
11,2,4,0,0,6000,35000,82000,150000
11,2,5,0,0,580,31400,60000,165000
11,3,1,0,0,5000,18000,33000,65000
11,3,2,0,0,8000,23500,41000,83000
11,3,3,0,0,8000,23500,38000,80000
11,3,4,0,0,9600,26000,45000,114000
11,3,5,0,0,2200,20000,35000,100000
11,4,1,0,0,4000,30000,40600,80000
11,4,2,0,0,2900,30000,40000,85000
11,4,3,0,0,200,26000,40000,84000
11,4,4,0,2000,10000,30000,52000,95000
11,4,5,0,0,160,27350,53000,115000
11,5,1,0,0,2100,15000,25000,75000
11,5,2,0,0,5000,13300,25000,50000
11,5,3,0,0,250,21800,30000,58000
11,5,4,0,0,2600,28000,40000,65000
11,5,5,0,0,0,16000,36300,78000
11,6,1,0,0,0,20000,40000,50000
11,6,2,0,0,0,0,42000,42000
11,6,3,0,0,0,0,78000,78000
11,6,4,0,0,0,0,40000,40000
11,6,5,0,0,0,12000,30000,128000
12,1,1,0,2200,16000,31000,45000,75000
12,1,2,0,2500,21000,40000,56000,100000
12,1,3,0,2900,25000,43000,67000,130000
12,1,4,0,2000,25000,47000,75000,150000
12,1,5,0,0,6600,40000,75000,180000
12,2,1,0,0,8000,20000,30000,55000
12,2,2,0,0,10000,24000,36000,70000
12,2,3,0,0,10000,26000,41100,90000
12,2,4,0,0,12000,28800,46000,105000
12,2,5,0,0,400,22300,42000,100000
12,3,1,0,0,4000,15000,26000,48000
12,3,2,0,0,4150,18000,30000,60000
12,3,3,0,0,3500,18000,32000,68000
12,3,4,0,0,3500,17600,32500,77000
12,3,5,0,0,0,12800,27000,70000
12,4,1,0,0,7000,22000,32800,56000
12,4,2,0,0,8300,24000,37400,67000
12,4,3,0,0,9200,26000,40000,75000
12,4,4,0,0,10000,26000,41000,75000
12,4,5,0,0,0,24000,44000,80000
12,5,1,0,0,4300,17000,28000,53000
12,5,2,0,0,8000,20000,35000,70000
12,5,3,0,0,8000,22000,38000,75000
12,5,4,0,0,9200,24000,39000,75000
12,5,5,0,0,1000,20000,38500,80000
12,6,1,0,0,2000,12000,21000,38000
12,6,2,0,0,4650,13000,22000,48000
12,6,3,0,0,3500,15000,22500,50000
12,6,4,0,0,8000,15700,25000,60000
12,6,5,0,0,0,10000,25000,53000
13,1,1,0,2100,17000,33750,50000,80000
13,1,2,0,1700,22000,40000,60000,110000
13,1,3,0,1400,25000,47000,73000,140000
13,1,4,0,3000,27000,50000,82000,170000
13,1,5,0,0,12000,48000,83000,190000
13,2,1,0,0,6000,19000,31000,60000
13,2,2,0,0,7700,24000,39600,80000
13,2,3,0,0,10000,26000,45000,100000
13,2,4,0,0,11800,30000,50000,125000
13,2,5,0,0,3100,25000,48000,120000
13,3,1,0,0,2500,13000,25000,48000
13,3,2,0,0,1900,14000,28000,51000
13,3,3,0,0,1200,14000,30000,57000
13,3,4,0,0,1900,15600,31000,66000
13,3,5,0,0,0,11600,25400,60000
13,4,1,0,0,10000,23000,35000,62000
13,4,2,0,0,12000,25000,40000,67000
13,4,3,0,0,10000,26000,41000,75000
13,4,4,0,0,12000,30000,45250,77000
13,4,5,0,0,0,27000,50000,85000
13,5,1,0,0,5500,18000,30000,52000
13,5,2,0,0,7000,20800,32700,60000
13,5,3,0,0,8000,23200,37000,70000
13,5,4,0,0,10000,25000,40000,75000
13,5,5,0,0,3000,23000,40000,80000
13,6,1,0,0,1500,14000,25000,45000
13,6,2,0,0,2000,13000,26000,43200
13,6,3,0,0,1600,14000,28000,52000
13,6,4,0,0,5900,15100,26000,65000
13,6,5,0,0,0,13000,26700,60000
15,1,1,0,0,15000,32000,50000,85000
15,1,2,0,300,20000,40000,60000,100000
15,1,3,0,50,25000,46500,70000,110000
15,1,4,0,0,24000,48000,77000,133000
15,1,5,0,0,10000,49000,80000,158500
15,2,1,0,0,4800,20000,31000,55000
15,2,2,0,0,6600,25000,38000,66000
15,2,3,0,0,7200,25000,40000,80000
15,2,4,0,0,12200,30000,46000,90000
15,2,5,0,0,4500,29600,48000,100000
15,3,1,0,0,9600,24000,36000,71000
15,3,2,0,0,12000,27050,41000,72000
15,3,3,0,0,10200,30000,49400,85000
15,3,4,0,270,17300,35000,55000,90000
15,3,5,0,0,4400,24000,40000,90000
15,4,1,0,3250,20000,30000,50000,80000
15,4,2,0,0,18000,36000,60000,92000
15,4,3,0,0,12000,40000,60000,90000
15,4,4,0,0,22000,45000,65000,100000
15,4,5,0,0,0,40000,61000,100000
15,5,1,0,0,12000,24000,37000,80000
15,5,2,0,540,6500,24000,40000,80000
15,5,3,0,0,10400,29000,50000,80000
15,5,4,0,1000,19000,36000,60000,110000
15,5,5,0,0,7200,27000,48100,112000
15,6,1,0,0,6000,19000,25000,34700
15,6,2,0,0,0,530,17600,68000
15,6,3,0,0,0,16000,35000,50000
15,6,4,0,0,470,25000,40000,60000
15,6,5,0,0,0,15000,31000,81000
16,1,1,0,0,10000,25000,39000,70000
16,1,2,0,0,13000,32000,50000,86000
16,1,3,0,0,16000,37450,60000,110000
16,1,4,0,0,16300,40000,65000,130000
16,1,5,0,0,3000,35000,64000,138000
16,2,1,0,0,4500,15000,27500,45000
16,2,2,0,0,6700,20000,33000,60000
16,2,3,0,0,8300,23700,40000,80000
16,2,4,0,0,8000,25000,40000,88000
16,2,5,0,0,1100,20000,39000,83000
16,3,1,0,0,1700,11000,20200,40000
16,3,2,0,0,400,12000,25000,49000
16,3,3,0,0,2100,14000,28100,56000
16,3,4,0,0,500,12000,29000,70000
16,3,5,0,0,0,9000,23000,60000
16,4,1,0,0,12000,26000,37700,65000
16,4,2,0,0,14000,30000,45000,72000
16,4,3,0,0,15000,34000,50000,89500
16,4,4,0,0,18000,35000,51000,85000
16,4,5,0,0,0,27000,46400,85000
16,5,1,0,0,8000,22700,34000,74000
16,5,2,0,0,8900,25000,38000,68000
16,5,3,0,130,10900,26000,42000,70000
16,5,4,0,1500,13000,30000,45000,76000
16,5,5,0,0,1200,20000,40000,75000
16,6,1,0,300,7200,23500,31450,47000
16,6,2,0,0,4000,24000,32250,60000
16,6,3,0,900,10000,24000,34000,59000
16,6,4,0,0,9000,20000,30000,45000
16,6,5,0,0,0,15000,30000,65000
17,1,1,0,5000,20000,37000,55000,85000
17,1,2,0,6500,26000,46000,69000,120000
17,1,3,0,5000,30000,52000,80000,150000
17,1,4,0,5400,30000,56000,90000,188000
17,1,5,0,0,14000,50000,90000,200000
17,2,1,0,0,10000,24000,37000,70000
17,2,2,0,0,12000,27000,44000,98000
17,2,3,0,0,12000,30000,50000,120000
17,2,4,0,100,14400,32000,55000,150000
17,2,5,0,0,5200,28000,50000,117000
17,3,1,0,0,3500,14600,25600,55000
17,3,2,0,0,3000,15000,30000,65000
17,3,3,0,0,3000,17000,35000,80000
17,3,4,0,0,4000,18000,37000,90000
17,3,5,0,0,0,13000,30000,81000
17,4,1,0,0,13050,28000,45000,75000
17,4,2,0,0,16000,32500,50000,85000
17,4,3,0,0,19000,36000,57000,94000
17,4,4,0,0,19000,40000,60000,100000
17,4,5,0,0,1000,34000,60000,100000
17,5,1,0,0,7350,21000,35000,63000
17,5,2,0,0,10000,25000,40000,72000
17,5,3,0,0,9700,25000,41000,73000
17,5,4,0,320,13500,30000,45000,81000
17,5,5,0,0,6000,27000,46000,80000
17,6,1,0,0,7000,20000,35000,59000
17,6,2,0,0,5000,20000,35000,50000
17,6,3,0,0,3600,21600,36000,60000
17,6,4,0,0,7000,22000,38000,62000
17,6,5,0,0,0,12000,30000,60000
18,1,1,0,5000,18000,32000,45000,70000
18,1,2,0,3000,20000,38000,55000,94000
18,1,3,0,3000,22800,42000,62000,115000
18,1,4,0,5200,25000,45000,70000,140000
18,1,5,0,0,12000,42000,71000,150000
18,2,1,0,0,6000,20000,32000,56000
18,2,2,0,0,8000,24000,37000,68000
18,2,3,0,0,9600,26000,40000,80000
18,2,4,0,400,12500,28400,43400,90000
18,2,5,0,0,4000,24000,40000,90000
18,3,1,0,0,2300,12000,22000,42000
18,3,2,0,0,1500,12000,24600,50000
18,3,3,0,0,250,11400,27000,55000
18,3,4,0,0,930,13000,29000,61000
18,3,5,0,0,0,10200,25000,60000
18,4,1,0,400,14000,28000,42000,68000
18,4,2,0,0,15600,31150,49950,75000
18,4,3,0,0,18000,34050,52000,88000
18,4,4,0,0,17000,37000,58000,90000
18,4,5,0,0,4000,32900,54000,93000
18,5,1,0,500,9000,22400,35000,60000
18,5,2,0,0,10000,25000,40000,67000
18,5,3,0,0,10600,28800,45000,75000
18,5,4,0,1000,15500,30000,47000,80000
18,5,5,0,0,6400,28000,45000,80000
18,6,1,0,0,3000,20000,30000,50000
18,6,2,0,0,1200,18000,33000,60000
18,6,3,0,0,600,22000,37000,65000
18,6,4,0,0,4800,20500,31000,55000
18,6,5,0,0,0,10000,30000,60000
19,1,1,0,6000,20000,33000,46000,70000
19,1,2,0,8000,25000,40000,55000,92000
19,1,3,0,5000,25000,45000,63000,110000
19,1,4,0,8000,30000,50000,72000,130000
19,1,5,0,0,11500,41300,68000,130000
19,2,1,0,600,11000,24450,35000,55000
19,2,2,0,80,14000,29000,42000,70000
19,2,3,0,0,15000,30000,46000,80000
19,2,4,0,1900,17500,31000,50000,93000
19,2,5,0,0,5000,25600,42000,85000
19,3,1,0,0,2700,13000,24000,49000
19,3,2,0,0,1250,14000,27850,55000
19,3,3,0,0,600,12000,27000,58000
19,3,4,0,0,1500,15000,30900,65000
19,3,5,0,0,0,10000,25000,60000
19,4,1,0,2000,18000,30000,43000,65000
19,4,2,0,0,20000,34000,48000,70000
19,4,3,0,0,20000,38000,50000,78000
19,4,4,0,0,22000,40000,54000,85000
19,4,5,0,0,1300,34100,50000,80000
19,5,1,0,0,10000,25000,39500,56000
19,5,2,0,0,12500,30000,42000,65000
19,5,3,0,1500,18000,32000,45000,66000
19,5,4,0,0,16000,33100,47000,80000
19,5,5,0,0,5000,28000,44000,70000
19,6,1,0,0,8000,25000,38000,54000
19,6,2,0,0,11000,26400,40000,60000
19,6,3,0,0,13700,26000,40400,58000
19,6,4,0,0,9000,26000,40000,76000
19,6,5,0,0,0,9650,31000,63000
20,1,1,0,3000,17000,32200,45000,72000
20,1,2,0,3000,22000,39000,55000,95000
20,1,3,0,2500,24000,42000,65000,125000
20,1,4,0,5000,25600,45000,70000,140000
20,1,5,0,0,10000,40200,70000,150000
20,2,1,0,0,9800,20000,31200,54000
20,2,2,0,0,9600,25250,40000,74000
20,2,3,0,0,10200,27000,45000,90000
20,2,4,0,0,13000,29000,45000,115000
20,2,5,0,0,3600,24300,41600,98000
20,3,1,0,0,1600,12950,25300,45000
20,3,2,0,0,900,13500,30000,55000
20,3,3,0,0,800,13000,31000,60000
20,3,4,0,0,2000,15650,32000,64000
20,3,5,0,0,0,10000,25000,64000
20,4,1,0,1500,17900,29000,40000,65000
20,4,2,0,0,17500,30000,46000,74000
20,4,3,0,0,16850,32000,50000,80000
20,4,4,0,0,18000,33000,50000,80000
20,4,5,0,0,1500,31000,50000,86000
20,5,1,0,800,9000,24000,37350,62000
20,5,2,0,60,10200,28000,40000,72000
20,5,3,0,1100,12400,28000,43000,75000
20,5,4,0,900,14000,30000,46000,85000
20,5,5,0,0,5000,26000,45000,80000
20,6,1,0,0,6000,24000,33800,57000
20,6,2,0,0,10000,30000,37000,60000
20,6,3,0,1000,12500,30000,40000,55000
20,6,4,0,0,5600,30000,45000,90000
20,6,5,0,0,0,12300,34000,60000
21,1,1,0,4000,17000,30000,45000,70000
21,1,2,0,4900,22000,40000,55000,95000
21,1,3,0,2000,25000,44000,62000,115000
21,1,4,0,3000,25000,46000,70000,137000
21,1,5,0,0,10600,43000,72000,160000
21,2,1,0,0,6000,19000,30000,54000
21,2,2,0,0,7200,22000,35700,69000
21,2,3,0,0,8000,25000,40000,90000
21,2,4,0,0,10000,26000,45000,100000
21,2,5,0,0,3000,23000,40000,92000
21,3,1,0,0,1200,11000,23000,40000
21,3,2,0,0,600,11700,25000,55000
21,3,3,0,0,200,12000,25000,55000
21,3,4,0,0,580,12000,28000,71000
21,3,5,0,0,0,10000,23200,60000
21,4,1,0,0,9150,25000,40000,70000
21,4,2,0,0,12000,30000,45000,75000
21,4,3,0,0,10000,30000,49800,85000
21,4,4,0,0,8000,33000,55000,87000
21,4,5,0,0,0,30000,52000,90000
21,5,1,0,0,6000,20000,33000,56000
21,5,2,0,0,9000,24000,40000,70000
21,5,3,0,0,8000,24900,40000,75000
21,5,4,0,0,10000,28000,45000,78000
21,5,5,0,0,3500,25000,44000,80000
21,6,1,0,0,2000,12000,26000,37000
21,6,2,0,0,0,10000,24700,45000
21,6,3,0,0,510,11250,21000,42000
21,6,4,0,0,0,9500,24450,46000
21,6,5,0,0,0,4850,23000,52000
22,1,1,0,2500,16000,32000,48000,85000
22,1,2,0,2400,21000,40000,60000,105000
22,1,3,0,2200,23000,42000,65000,130000
22,1,4,0,2000,24000,45000,70000,150000
22,1,5,0,0,9700,40000,71000,160000
22,2,1,0,0,5000,18000,30000,60000
22,2,2,0,0,8000,22400,37000,75000
22,2,3,0,0,9000,23000,40000,85000
22,2,4,0,0,12000,26350,42600,103000
22,2,5,0,0,4000,24000,43000,100000
22,3,1,0,0,2000,12100,25000,46500
22,3,2,0,0,1300,12500,28000,55000
22,3,3,0,0,2400,15000,30000,60000
22,3,4,0,0,2700,14550,30000,70000
22,3,5,0,0,0,12000,25600,65000
22,4,1,0,0,15000,30000,50000,90000
22,4,2,0,0,10500,31200,55000,102000
22,4,3,0,0,10000,35000,60000,110000
22,4,4,0,0,14000,38900,64000,120000
22,4,5,0,0,0,31000,60000,115000
22,5,1,0,0,7000,24300,43200,85000
22,5,2,0,0,11000,27500,52000,99000
22,5,3,0,0,9600,30000,55000,108000
22,5,4,0,0,11400,35000,55000,100000
22,5,5,0,0,4000,25000,49600,100000
22,6,1,0,0,80,14000,24000,50000
22,6,2,0,0,3500,14500,24000,50000
22,6,3,0,0,0,13750,23500,50000
22,6,4,0,0,6000,15100,23000,61000
22,6,5,0,0,0,8000,24000,60000
23,1,1,0,3700,19000,30000,45000,67000
23,1,2,0,840,20000,35000,50000,85000
23,1,3,0,1300,24000,40000,58000,110000
23,1,4,0,0,20000,40000,60000,120000
23,1,5,0,0,4500,36000,64000,132000
23,2,1,0,0,5000,18000,29000,47000
23,2,2,0,0,8000,23000,36000,70000
23,2,3,0,0,10000,26000,40000,72000
23,2,4,0,0,15000,30000,44000,90000
23,2,5,0,0,2200,22400,40000,80000
23,3,1,0,0,640,10000,21000,42000
23,3,2,0,0,485,15000,30000,53000
23,3,3,0,0,640,14000,30000,65000
23,3,4,0,0,0,12000,27000,65000
23,3,5,0,0,0,10000,25000,60000
23,4,1,0,0,8000,25000,36500,65000
23,4,2,0,0,2500,28000,40000,70000
23,4,3,0,0,4900,31800,49500,72000
23,4,4,0,0,4000,31000,45000,75000
23,4,5,0,0,0,22000,45000,78000
23,5,1,0,0,8000,22000,31000,62000
23,5,2,0,0,6000,25000,41000,72000
23,5,3,0,0,12500,26000,45000,81000
23,5,4,0,0,9700,29300,47000,90000
23,5,5,0,0,500,22000,40350,72000
23,6,1,0,0,0,5000,24000,75000
23,6,2,0,0,0,605,24000,56000
23,6,3,0,0,0,175,27300,60000
23,6,4,0,0,0,1000,27000,45000
23,6,5,0,0,0,0,20000,60000
24,1,1,0,5000,22000,40000,59000,90000
24,1,2,0,6400,30700,52000,75000,115000
24,1,3,0,7600,36000,60000,89000,145000
24,1,4,0,10000,40000,70000,100000,175000
24,1,5,0,0,20000,65000,108000,200000
24,2,1,0,0,7500,23400,37000,62000
24,2,2,0,0,9600,28000,45000,85000
24,2,3,0,0,12000,32000,54000,115000
24,2,4,0,40,15000,36000,60000,130000
24,2,5,0,0,5100,32000,57000,130000
24,3,1,0,0,5000,17500,32000,60000
24,3,2,0,0,6000,20000,40000,78000
24,3,3,0,0,4700,21000,43000,85000
24,3,4,0,0,5000,21600,50000,110000
24,3,5,0,0,0,17700,40000,98000
24,4,1,0,500,15000,29200,43000,73000
24,4,2,0,0,19200,35000,50000,83000
24,4,3,0,0,18000,35000,55000,90000
24,4,4,0,0,18000,37000,57000,90000
24,4,5,0,0,2300,38000,60000,100000
24,5,1,0,0,5650,19000,31100,60000
24,5,2,0,0,5000,20000,37000,72000
24,5,3,0,0,6000,25000,40000,79000
24,5,4,0,0,10000,27500,50000,88000
24,5,5,0,0,3800,25000,48000,89000
24,6,1,0,0,0,10900,25000,40000
24,6,2,0,0,2700,9000,24000,42000
24,6,3,0,0,6000,13500,30000,90000
24,6,4,0,0,10000,22500,37000,73000
24,6,5,0,0,0,5300,25000,61000
25,1,1,0,5000,23000,40000,60000,97000
25,1,2,0,8000,30000,54000,76000,128000
25,1,3,0,8000,35400,60000,90000,169000
25,1,4,0,6000,38000,69000,100000,200000
25,1,5,0,0,15000,60000,100000,225000
25,2,1,0,0,10000,26300,41100,77000
25,2,2,0,0,12000,32000,50000,100000
25,2,3,0,0,13200,36000,60000,135000
25,2,4,0,0,16000,38000,65000,150000
25,2,5,0,0,6000,32000,57000,140000
25,3,1,0,0,4500,16000,30000,60000
25,3,2,0,0,5000,20000,36000,76000
25,3,3,0,0,3600,18050,35000,85000
25,3,4,0,0,6000,20000,41000,100000
25,3,5,0,0,675,15000,37000,96000
25,4,1,0,0,13700,30000,48000,75000
25,4,2,0,0,15000,31100,50000,90000
25,4,3,0,0,8500,32400,56000,100000
25,4,4,0,0,13000,40000,62000,101000
25,4,5,0,0,0,35000,61000,100000
25,5,1,0,0,7000,18500,30000,60000
25,5,2,0,0,6500,24000,40000,70000
25,5,3,0,0,7400,26500,45000,70000
25,5,4,0,0,11500,30000,50000,80000
25,5,5,0,0,4700,25000,48000,81000
25,6,1,0,0,6000,19500,34000,57000
25,6,2,0,0,0,15000,29000,62000
25,6,3,0,0,0,7500,25000,80000
25,6,4,0,0,0,5000,32000,60000
25,6,5,0,0,0,1800,21000,79000
26,1,1,0,2500,16000,32000,50000,80000
26,1,2,0,3100,20000,40000,60000,100000
26,1,3,0,3300,25000,45000,70000,120000
26,1,4,0,3500,25400,50000,78000,135000
26,1,5,0,0,9000,45000,80000,165000
26,2,1,0,0,6000,18500,30000,55000
26,2,2,0,0,7900,22200,37000,70000
26,2,3,0,0,10000,25000,41600,85000
26,2,4,0,0,10000,28000,45750,100000
26,2,5,0,0,3000,23000,43000,100000
26,3,1,0,0,2200,11200,20000,40000
26,3,2,0,0,1200,12000,23000,50000
26,3,3,0,0,1500,12500,27000,60000
26,3,4,0,0,1200,13000,30000,70000
26,3,5,0,0,0,9000,24000,62000
26,4,1,0,0,11000,25000,40000,65000
26,4,2,0,0,12000,30000,45000,75000
26,4,3,0,0,13000,32000,50000,84000
26,4,4,0,0,16000,36000,55000,95000
26,4,5,0,0,0,30000,54000,98000
26,5,1,0,0,7000,20800,33000,55000
26,5,2,0,0,9200,24000,36000,63000
26,5,3,0,0,9000,26000,40000,70000
26,5,4,0,0,12000,30000,45000,80000
26,5,5,0,0,3800,25000,45000,80000
26,6,1,0,0,4000,15850,26000,50000
26,6,2,0,0,4000,18200,30000,54000
26,6,3,0,0,6000,17000,31900,58000
26,6,4,0,0,2400,16000,32100,54000
26,6,5,0,0,0,10000,24300,51000
27,1,1,100,7200,21000,37000,50000,80000
27,1,2,0,7500,26000,44000,62000,105000
27,1,3,0,8000,30000,50000,74000,130000
27,1,4,0,7500,30000,52000,80000,155000
27,1,5,0,0,13000,46100,80000,172000
27,2,1,0,1600,12800,26000,37500,60000
27,2,2,0,740,15000,30000,44000,85000
27,2,3,0,300,18000,32650,49000,100000
27,2,4,0,450,18000,35000,53000,118000
27,2,5,0,0,5000,28000,48000,100000
27,3,1,0,0,3000,14000,25000,46000
27,3,2,0,0,2000,15000,30000,60000
27,3,3,0,0,2400,16000,32000,65000
27,3,4,0,0,2800,17000,35000,69000
27,3,5,0,0,0,12000,28000,65000
27,4,1,0,1400,17000,30000,45000,75000
27,4,2,0,0,22500,38000,54000,85000
27,4,3,0,0,24000,40000,60000,90000
27,4,4,0,0,24950,43000,60000,92000
27,4,5,0,0,2000,35000,55000,90000
27,5,1,0,700,10000,25000,38000,60000
27,5,2,0,0,10000,28000,40000,68000
27,5,3,0,0,11500,31000,48000,85000
27,5,4,0,300,20000,35000,50000,80000
27,5,5,0,0,4000,26000,45000,76000
27,6,1,0,0,8000,22300,36000,50000
27,6,2,0,0,8000,26000,38000,60000
27,6,3,0,0,6600,26000,40000,60000
27,6,4,0,0,8100,28000,43500,75000
27,6,5,0,0,0,8200,31500,69000
28,1,1,0,1500,13300,30000,40000,68000
28,1,2,0,3000,19500,35000,50000,85000
28,1,3,0,3000,20000,38000,55500,100000
28,1,4,0,5000,24000,40000,60000,115000
28,1,5,0,0,7900,36500,62000,138000
28,2,1,0,0,5000,15000,25000,46000
28,2,2,0,0,5000,19000,30000,60000
28,2,3,0,0,7200,21000,35000,65000
28,2,4,0,0,10000,25000,40000,85000
28,2,5,0,0,2500,23000,39000,80000
28,3,1,0,0,700,10000,20000,39000
28,3,2,0,0,600,10000,20000,40000
28,3,3,0,0,830,12000,25000,52000
28,3,4,0,0,300,12950,28000,55000
28,3,5,0,0,0,12000,24000,55000
28,4,1,0,0,8000,23150,37000,68000
28,4,2,0,0,3000,23200,40000,80000
28,4,3,0,0,6000,26000,42000,80000
28,4,4,0,0,10000,30000,49000,87000
28,4,5,0,0,0,26000,47000,89000
28,5,1,0,0,6000,20000,33000,65000
28,5,2,0,0,5000,21000,37000,70000
28,5,3,0,0,6050,20000,35000,68000
28,5,4,0,0,10000,25000,41450,85000
28,5,5,0,0,4800,23000,40000,80000
28,6,1,0,0,2000,14000,24000,47000
28,6,2,0,0,1200,10050,19000,43000
28,6,3,0,0,0,12500,32600,58000
28,6,4,0,0,3000,23000,45000,80000
28,6,5,0,0,0,14000,28000,68000
29,1,1,0,4000,18000,32000,45000,75000
29,1,2,0,5000,22000,38000,55000,100000
29,1,3,0,3500,25000,43000,65000,123000
29,1,4,0,5000,25000,45000,70000,145000
29,1,5,0,0,10000,40000,72000,160000
29,2,1,0,0,9000,20000,32000,52000
29,2,2,0,0,9350,24000,39000,75000
29,2,3,0,0,11000,26200,41950,85000
29,2,4,0,0,12500,29000,45000,100000
29,2,5,0,0,3000,24000,40300,92000
29,3,1,0,0,3000,12800,24000,45000
29,3,2,0,0,1600,13400,27000,51000
29,3,3,0,0,1400,13500,28000,55000
29,3,4,0,0,1600,15000,30000,65000
29,3,5,0,0,0,11000,25000,60000
29,4,1,0,0,10000,26000,40000,65000
29,4,2,0,0,11300,30000,45000,73000
29,4,3,0,0,15000,32000,50000,80000
29,4,4,0,0,14000,35000,55000,90000
29,4,5,0,0,0,29000,50000,87000
29,5,1,0,0,8400,22000,35000,57000
29,5,2,0,0,7000,24000,39700,65000
29,5,3,0,0,9000,26000,41000,70000
29,5,4,0,0,13000,28300,45000,80000
29,5,5,0,0,3000,24000,41000,76000
29,6,1,0,0,3300,16200,28000,50000
29,6,2,0,0,6000,17900,32000,50000
29,6,3,0,0,0,16800,30000,50000
29,6,4,0,0,3000,23650,38000,62000
29,6,5,0,0,0,8000,27000,54000
30,1,1,0,1600,15000,29000,40000,65000
30,1,2,0,0,16000,33000,50000,85000
30,1,3,0,500,19800,38000,57000,105000
30,1,4,0,0,19500,40000,60000,120000
30,1,5,0,0,4000,34300,60000,128000
30,2,1,0,0,8000,19400,30000,50000
30,2,2,0,0,9000,22000,34000,75000
30,2,3,0,0,10000,25000,39000,73000
30,2,4,0,0,12000,27100,45000,90000
30,2,5,0,0,1200,20000,36000,78000
30,3,1,0,0,3000,13000,25000,46000
30,3,2,0,0,390,12000,24000,50000
30,3,3,0,0,1400,12000,25000,60000
30,3,4,0,0,200,12000,26900,76000
30,3,5,0,0,0,9000,22500,54000
30,4,1,0,0,10000,25000,42000,80000
30,4,2,0,0,7000,30000,50000,91000
30,4,3,0,0,8000,32000,55000,102000
30,4,4,0,0,13200,35000,60000,108000
30,4,5,0,0,0,28000,51000,98000
30,5,1,0,0,1000,20000,38000,62000
30,5,2,0,0,3000,18200,39300,78000
30,5,3,0,0,10800,31000,60000,100000
30,5,4,0,0,6800,36500,60000,85000
30,5,5,0,0,350,20000,42000,90000
30,6,1,0,70,10000,20000,32000,48000
30,6,2,0,0,6000,20200,32000,48000
30,6,3,0,0,6700,18000,32000,55000
30,6,4,0,0,3000,24000,30000,58000
30,6,5,0,0,0,15000,30000,69000
31,1,1,0,6000,20000,33000,45000,70000
31,1,2,0,8100,24950,40000,55000,95000
31,1,3,0,7000,26750,45000,63000,120000
31,1,4,0,10000,28900,47000,70000,130000
31,1,5,0,0,14400,42000,70000,147000
31,2,1,0,0,10000,24000,35000,60000
31,2,2,0,0,11000,26600,40000,71000
31,2,3,0,0,12450,29000,45000,90000
31,2,4,0,1100,17200,31000,52000,100000
31,2,5,0,0,5100,24800,42000,88000
31,3,1,0,0,2000,12800,24000,40000
31,3,2,0,0,2500,13800,28000,60000
31,3,3,0,0,1000,14400,30400,65000
31,3,4,0,0,1200,18000,31000,72000
31,3,5,0,0,0,10000,25000,60000
31,4,1,0,3200,16500,30000,42000,70000
31,4,2,0,0,17000,30150,46000,70000
31,4,3,0,0,18250,35000,49000,75000
31,4,4,0,0,20000,35000,54000,85000
31,4,5,0,0,3000,31200,50000,82000
31,5,1,0,25,12000,25000,40000,60000
31,5,2,0,400,17400,31000,44500,70000
31,5,3,0,0,12200,30000,44000,75000
31,5,4,0,740,17000,35000,51000,80000
31,5,5,0,0,5600,27000,45000,75000
31,6,1,0,3000,20000,27000,40000,54500
31,6,2,300,9600,20000,30000,38000,63000
31,6,3,0,650,17000,30000,42000,55000
31,6,4,0,0,14000,31200,43000,62000
31,6,5,0,0,900,20000,38000,67000
32,1,1,0,680,16500,31000,45000,75000
32,1,2,0,520,23000,40000,60000,100000
32,1,3,0,0,22500,47000,70000,130000
32,1,4,0,0,26600,50000,80000,160000
32,1,5,0,0,5000,45000,78000,170000
32,2,1,0,0,7000,20000,32000,55000
32,2,2,0,0,9200,24000,37800,70000
32,2,3,0,0,10000,27000,43000,85000
32,2,4,0,0,10400,30000,46000,100000
32,2,5,0,0,0,23000,42000,91000
32,3,1,0,0,6400,19200,30000,55000
32,3,2,0,0,8400,23000,35000,70000
32,3,3,0,0,10000,24000,38500,75000
32,3,4,0,0,10000,25000,40000,83000
32,3,5,0,0,3300,22600,36000,75000
32,4,1,0,0,14600,27000,40000,80000
32,4,2,0,0,15000,30000,50000,87000
32,4,3,0,5000,20000,35000,55000,95000
32,4,4,0,0,18000,37000,60000,100000
32,4,5,0,0,920,32000,60000,100000
32,5,1,0,0,7000,20000,30000,58000
32,5,2,0,0,10800,25000,40000,80000
32,5,3,0,0,8000,25000,40000,80000
32,5,4,0,0,12500,27000,44000,100000
32,5,5,0,0,3900,24000,42000,82000
32,6,1,0,0,5000,20000,30000,56000
32,6,2,0,0,10000,20000,32000,65000
32,6,3,0,0,0,13000,26300,36000
32,6,4,0,0,0,18000,38000,70000
32,6,5,0,0,0,4900,22900,53000
33,1,1,0,8000,21000,36000,50000,82000
33,1,2,0,7000,27350,45000,65000,109000
33,1,3,0,5000,30000,50000,76000,140000
33,1,4,0,5200,30000,52000,81000,160000
33,1,5,0,0,13000,50000,86500,180000
33,2,1,0,0,8300,24000,35000,60000
33,2,2,0,0,9000,28000,41050,75000
33,2,3,0,0,15000,32000,48000,100000
33,2,4,0,0,16000,36000,60000,125000
33,2,5,0,0,5400,29000,50000,113000
33,3,1,0,0,5000,17000,30000,52000
33,3,2,0,0,3800,18700,35000,60000
33,3,3,0,0,1000,16000,38500,70000
33,3,4,0,0,5000,23400,46000,80000
33,3,5,0,0,0,13000,30900,75000
33,4,1,0,0,12000,30000,42000,65000
33,4,2,0,0,12800,31000,44000,75000
33,4,3,0,0,9100,36000,53000,90000
33,4,4,0,0,17300,40000,59000,105000
33,4,5,0,0,0,30750,52000,90000
33,5,1,0,210,9350,22000,35000,50000
33,5,2,0,555,14150,31250,42950,74500
33,5,3,0,0,14400,30000,46000,75000
33,5,4,0,0,19650,35000,50000,135000
33,5,5,0,0,5700,29000,49000,85000
33,6,1,0,0,2500,14000,30000,42900
33,6,2,0,0,0,8000,30000,48000
33,6,3,0,0,0,3250,20800,68000
33,6,4,0,0,0,16000,26000,45000
33,6,5,0,0,0,5650,25500,68000
34,1,1,0,5600,22200,42000,60000,98000
34,1,2,0,8000,30000,55000,78000,135000
34,1,3,0,7500,35000,62000,95000,180000
34,1,4,0,5200,37600,70000,107000,215000
34,1,5,0,0,18000,63000,105000,250000
34,2,1,0,0,10000,23700,38000,70000
34,2,2,0,0,12000,30000,48000,100000
34,2,3,0,0,12000,35000,60000,137000
34,2,4,0,0,15000,38000,68000,180000
34,2,5,0,0,6500,32400,60000,150000
34,3,1,0,0,5000,16000,28000,56000
34,3,2,0,0,5000,17150,34000,84000
34,3,3,0,0,6000,19000,40000,100000
34,3,4,0,0,5400,20000,42000,115000
34,3,5,0,0,1900,16000,36000,100000
34,4,1,0,800,12000,26000,42000,72000
34,4,2,0,0,16000,34000,50000,90000
34,4,3,0,0,16000,35000,58000,100000
34,4,4,0,0,19000,40000,70000,112000
34,4,5,0,0,5000,40000,70000,117000
34,5,1,0,0,7000,19000,32000,60000
34,5,2,0,0,10000,21000,40000,80000
34,5,3,0,0,10000,24000,42000,85000
34,5,4,0,0,13000,25000,45000,90000
34,5,5,0,0,7600,25000,50000,91000
34,6,1,0,0,6000,17750,27000,44000
34,6,2,0,0,6000,12800,25000,46500
34,6,3,2000,3200,12000,21650,33200,67000
34,6,4,0,0,4400,16500,27000,61000
34,6,5,0,0,0,12000,29100,80000
35,1,1,0,300,12150,27000,42600,77000
35,1,2,0,0,15000,34000,52000,96000
35,1,3,0,0,17900,40000,60000,111000
35,1,4,0,950,20000,44900,68000,130000
35,1,5,0,0,3500,40000,70000,140000
35,2,1,0,0,5000,16000,28000,45000
35,2,2,0,0,6000,21000,33000,60000
35,2,3,0,0,6000,20000,35000,68000
35,2,4,0,0,9000,24000,38000,75000
35,2,5,0,0,340,21000,40000,85000
35,3,1,0,0,2500,12800,25000,50000
35,3,2,0,0,2450,13050,27000,60000
35,3,3,0,0,2600,14000,28100,68000
35,3,4,0,0,3100,14650,30000,75000
35,3,5,0,0,0,11650,24000,62000
35,4,1,0,0,10000,24000,41000,80000
35,4,2,0,0,9600,25000,43200,84000
35,4,3,0,0,4400,24000,44000,90000
35,4,4,0,0,10000,26000,46000,90000
35,4,5,0,0,0,23000,47000,90000
35,5,1,0,0,4800,18000,32250,73000
35,5,2,0,0,3850,18800,40900,72000
35,5,3,0,0,6000,20400,42000,98000
35,5,4,0,0,10000,22900,40000,99000
35,5,5,0,0,90,19800,40000,81000
35,6,1,0,0,1700,10000,24100,35000
35,6,2,0,0,0,9800,19000,38000
35,6,3,0,0,75,8200,25000,45000
35,6,4,0,0,800,12250,24000,35000
35,6,5,0,0,0,8000,22000,50000
36,1,1,0,3500,20000,40000,60000,100000
36,1,2,0,5000,26100,50000,74000,140000
36,1,3,0,3100,29000,55000,85000,180000
36,1,4,0,3600,30000,60000,95000,210000
36,1,5,0,0,12000,50000,90000,206000
36,2,1,0,0,8000,21000,36000,72000
36,2,2,0,0,10000,26400,45000,105000
36,2,3,0,0,10350,30000,50000,138000
36,2,4,0,0,14000,33000,57000,150000
36,2,5,0,0,6000,30000,52000,120000
36,3,1,0,0,5000,16000,30000,57000
36,3,2,0,0,6000,19000,35000,77000
36,3,3,0,0,5300,20000,40000,95000
36,3,4,0,0,5250,20000,40200,100000
36,3,5,0,0,500,15700,37000,90000
36,4,1,0,0,11000,26900,40000,75000
36,4,2,0,0,13000,30000,49000,90000
36,4,3,0,0,13000,32000,52000,100000
36,4,4,0,0,15000,35000,58000,100000
36,4,5,0,0,500,34400,60000,101000
36,5,1,0,0,5500,19150,32000,65000
36,5,2,0,0,8000,23000,40000,72000
36,5,3,0,0,10000,25000,43000,80000
36,5,4,0,0,11200,27000,47800,80000
36,5,5,0,0,4300,24800,46000,84000
36,6,1,0,0,2700,14400,25000,42000
36,6,2,0,0,0,17250,26000,50000
36,6,3,0,0,500,16200,27000,50000
36,6,4,0,0,2000,16750,31500,67000
36,6,5,0,0,0,9000,26000,59000
37,1,1,0,4000,18100,32500,47500,80000
37,1,2,0,3000,22300,40000,58000,100000
37,1,3,0,2000,25000,43000,70000,130000
37,1,4,0,3000,26000,47000,76000,150000
37,1,5,0,0,9600,42500,77000,180000
37,2,1,0,0,7000,19200,30000,57000
37,2,2,0,0,8500,24000,38000,78000
37,2,3,0,0,9600,27000,42000,95000
37,2,4,0,0,12000,29000,46350,110000
37,2,5,0,0,2000,24400,43700,100000
37,3,1,0,0,3200,14400,26400,46000
37,3,2,0,0,4000,16000,31000,60000
37,3,3,0,0,2000,15350,32000,63000
37,3,4,0,0,2500,16000,35000,70000
37,3,5,0,0,0,11000,25400,60000
37,4,1,0,0,10000,23000,35000,57000
37,4,2,0,0,10500,25000,40000,63000
37,4,3,0,0,10500,25000,40000,70000
37,4,4,0,0,10000,28100,44000,75000
37,4,5,0,0,0,25000,45000,80000
37,5,1,0,0,7000,18700,30000,50000
37,5,2,0,0,7000,20000,33000,60000
37,5,3,0,0,8650,22450,36000,65000
37,5,4,0,0,9000,24000,38000,70000
37,5,5,0,0,2500,22000,40000,70000
37,6,1,0,0,3000,10900,19900,38000
37,6,2,0,0,960,12000,20000,36900
37,6,3,0,0,3500,14000,23000,39000
37,6,4,0,0,4500,14000,23000,43000
37,6,5,0,0,0,12000,24000,52000
38,1,1,0,5000,21000,36000,50000,85000
38,1,2,0,6600,25000,38000,55000,100000
38,1,3,0,0,23000,42000,62000,115000
38,1,4,0,5200,30000,48000,70000,141000
38,1,5,0,0,13000,41000,65000,130000
38,2,1,0,880,13000,27000,38000,65000
38,2,2,0,200,15200,30000,45000,87000
38,2,3,0,0,15000,30000,46100,95000
38,2,4,0,2400,20000,35000,52000,100000
38,2,5,0,0,6000,28000,45850,90000
38,3,1,0,0,1200,12000,26000,50000
38,3,2,0,0,3400,20000,33300,60000
38,3,3,0,0,1200,15000,33000,67000
38,3,4,0,0,105,16400,32000,82000
38,3,5,0,0,0,10000,27000,60000
38,4,1,0,4650,23000,40000,64000,118000
38,4,2,0,0,25000,41000,60000,100000
38,4,3,0,500,24000,45000,69000,125000
38,4,4,0,5000,26000,45000,70000,106000
38,4,5,0,0,5000,40000,60000,100000
38,5,1,0,1000,12000,32000,45400,95000
38,5,2,0,5200,20000,40000,60000,100000
38,5,3,0,7000,24000,42000,60000,91000
38,5,4,0,1000,20000,43000,61000,115000
38,5,5,0,0,5850,30000,50000,95000
38,6,1,0,0,16400,30000,40000,60000
38,6,2,0,0,15000,30400,42000,63000
38,6,3,0,0,4850,25000,45000,60000
38,6,4,0,80,27100,40000,50000,60000
38,6,5,0,0,300,12300,35000,57000
39,1,1,0,4800,19000,33500,50000,77000
39,1,2,0,4400,23000,40000,60000,100000
39,1,3,0,3700,25000,46000,68000,125000
39,1,4,0,4100,27000,50000,75000,150000
39,1,5,0,0,11000,45000,77000,165000
39,2,1,0,0,8000,20000,32300,56000
39,2,2,0,0,8000,24000,38000,75000
39,2,3,0,0,10900,27000,42000,90000
39,2,4,0,0,12000,30000,46800,100000
39,2,5,0,0,4000,25000,43700,95000
39,3,1,0,0,2500,12000,22000,45000
39,3,2,0,0,1600,12100,25000,54000
39,3,3,0,0,1200,13000,29950,63000
39,3,4,0,0,2000,15000,30500,70000
39,3,5,0,0,0,11000,27000,68000
39,4,1,0,0,9000,25000,40000,67000
39,4,2,0,0,12000,30000,46000,80000
39,4,3,0,0,12000,32000,50000,78000
39,4,4,0,0,15000,36000,53000,83000
39,4,5,0,0,160,32000,52000,86000
39,5,1,0,0,7000,20000,32400,55000
39,5,2,0,0,7500,24000,37000,62000
39,5,3,0,0,10000,25100,40000,70000
39,5,4,0,0,12000,28000,42000,72000
39,5,5,0,0,4000,25000,44000,75000
39,6,1,0,0,2450,12900,25500,41600
39,6,2,0,0,1000,12200,28000,52000
39,6,3,0,0,500,10000,26000,49900
39,6,4,0,0,0,13000,32000,49400
39,6,5,0,0,0,7900,25000,57000
40,1,1,0,1500,15000,30000,43000,76000
40,1,2,0,0,15000,34000,50000,100000
40,1,3,0,100,20000,36350,60000,118000
40,1,4,0,2300,24000,40000,63000,130000
40,1,5,0,0,10000,39200,65000,150000
40,2,1,0,0,6000,19200,30000,52000
40,2,2,0,0,7000,23000,35000,70000
40,2,3,0,0,8000,24800,40000,84000
40,2,4,0,0,11000,25000,40000,85000
40,2,5,0,0,3000,23650,40000,90000
40,3,1,0,0,700,12000,24000,45000
40,3,2,0,0,600,12100,25000,50000
40,3,3,0,0,600,13000,25000,54000
40,3,4,0,0,500,15000,30000,70000
40,3,5,0,0,0,12000,24000,60000
40,4,1,0,0,12000,27000,43000,80000
40,4,2,0,0,10000,28850,46000,87000
40,4,3,0,0,10000,30000,50000,86000
40,4,4,0,0,9000,30000,50000,90000
40,4,5,0,0,0,30000,52000,91000
40,5,1,0,0,10000,24200,39800,70000
40,5,2,0,0,10650,28000,45000,80000
40,5,3,0,0,10400,29900,45000,77000
40,5,4,0,0,13700,32100,50000,84000
40,5,5,0,0,4000,25000,45000,80000
40,6,1,0,0,1300,16000,25000,45000
40,6,2,0,0,700,14000,25000,55000
40,6,3,0,0,1400,12000,24000,45700
40,6,4,0,0,6000,20000,30000,60000
40,6,5,0,0,0,12000,27000,50000
41,1,1,0,1000,14000,30000,49000,80000
41,1,2,0,0,20000,40000,61000,105000
41,1,3,0,0,20000,45000,72000,130000
41,1,4,0,0,25000,50000,80000,160000
41,1,5,0,0,4000,41800,79000,165000
41,2,1,0,0,6000,20000,30700,55000
41,2,2,0,0,6000,23050,36200,66000
41,2,3,0,0,8000,26000,44000,90000
41,2,4,0,0,10000,30000,50000,110000
41,2,5,0,0,380,24000,44000,100000
41,3,1,0,0,2500,13000,23000,40000
41,3,2,0,0,2000,14500,26000,55000
41,3,3,0,0,1500,14000,29000,70000
41,3,4,0,0,1000,15000,30000,72000
41,3,5,0,0,0,10000,25000,70000
41,4,1,0,0,10000,25000,40000,70000
41,4,2,0,0,12000,30000,45000,75000
41,4,3,0,0,10000,30000,50000,89000
41,4,4,0,0,11000,33600,52000,89000
41,4,5,0,0,0,28000,50000,90000
41,5,1,0,0,5000,18000,30000,50000
41,5,2,0,0,5100,20500,36000,68000
41,5,3,0,0,6000,22100,40000,70000
41,5,4,0,0,10000,25000,42000,80000
41,5,5,0,0,600,22800,43000,80000
41,6,1,0,0,6400,15000,24000,41300
41,6,2,0,0,4300,15000,29000,50000
41,6,3,0,0,4000,18000,27600,60000
41,6,4,0,0,9000,18000,30000,54000
41,6,5,0,0,0,13000,30000,65000
42,1,1,0,5000,20000,36000,50000,80000
42,1,2,0,5000,25000,44000,62000,105000
42,1,3,0,5300,28000,50000,72000,130000
42,1,4,0,4800,29000,52000,80000,155000
42,1,5,0,0,12000,47000,80000,180000
42,2,1,0,0,7400,21000,34500,60000
42,2,2,0,0,10800,26000,40000,75000
42,2,3,0,0,11000,28000,45000,99000
42,2,4,0,0,12400,30000,50000,110000
42,2,5,0,0,4500,25000,45000,99000
42,3,1,0,0,2800,13000,24500,45500
42,3,2,0,0,3400,15000,30000,60000
42,3,3,0,0,3000,15000,30000,70000
42,3,4,0,0,2000,15100,33000,80000
42,3,5,0,0,0,12000,28000,70000
42,4,1,0,0,12000,30000,43000,72000
42,4,2,0,0,14500,32000,50000,86000
42,4,3,0,0,15700,36000,54000,90000
42,4,4,0,0,15000,38800,57000,94000
42,4,5,0,0,0,32600,53000,90000
42,5,1,0,0,7000,22000,35300,60000
42,5,2,0,0,8400,26000,40800,67000
42,5,3,0,0,10000,28600,45000,70000
42,5,4,0,0,13000,30000,48000,75000
42,5,5,0,0,4900,26000,45000,75000
42,6,1,0,0,4600,17000,26500,42600
42,6,2,0,0,2050,15000,30000,47000
42,6,3,0,0,0,15000,29000,52000
42,6,4,0,0,0,11000,32300,48000
42,6,5,0,0,0,8250,26000,55000
44,1,1,0,4500,21450,37750,55000,80000
44,1,2,0,6000,25700,45000,64000,100000
44,1,3,0,10000,31000,55000,76000,125000
44,1,4,0,4400,33000,58000,82000,175000
44,1,5,0,0,15000,54000,88000,184000
44,2,1,0,800,9700,24000,35400,56000
44,2,2,0,0,10000,28000,42000,77000
44,2,3,0,0,13800,31700,50000,85000
44,2,4,0,0,10000,30000,48900,100000
44,2,5,0,0,6000,30000,50000,100000
44,3,1,0,0,4000,18000,30000,65000
44,3,2,0,0,4500,20000,35000,75000
44,3,3,0,0,5000,20000,37400,90000
44,3,4,0,0,4500,20000,36400,80000
44,3,5,0,0,1100,16000,35100,89000
44,4,1,0,4800,15000,27000,40000,75000
44,4,2,0,1900,15500,33100,50000,80000
44,4,3,0,0,10000,30000,50000,82000
44,4,4,0,0,10000,31600,55000,80000
44,4,5,0,0,0,34000,55000,99000
44,5,1,0,0,5450,20000,37050,72000
44,5,2,0,0,10700,26200,43400,84000
44,5,3,0,0,10000,27100,45000,75000
44,5,4,0,2500,12000,30000,45000,72000
44,5,5,0,0,6500,25000,45000,75000
44,6,1,0,0,5200,12000,17500,32000
44,6,2,0,0,0,0,30000,30000
44,6,3,0,0,3500,18000,20000,30000
44,6,4,0,0,0,2350,29400,48000
44,6,5,0,0,0,5700,24600,45000
45,1,1,0,3400,18000,32000,45000,75000
45,1,2,0,3600,22500,39000,55000,100000
45,1,3,0,2000,24000,42000,61000,122000
45,1,4,0,2500,24000,45000,70000,139000
45,1,5,0,0,6000,40000,71000,158000
45,2,1,0,0,5000,19000,30000,52000
45,2,2,0,0,8000,23000,35000,70000
45,2,3,0,0,10000,25000,40000,80000
45,2,4,0,0,10000,27950,45000,100000
45,2,5,0,0,800,22000,40000,92000
45,3,1,0,0,3000,13000,24350,42000
45,3,2,0,0,3700,15000,28000,50000
45,3,3,0,0,2000,15000,30000,55000
45,3,4,0,0,2400,15000,30100,64000
45,3,5,0,0,0,10600,24000,57000
45,4,1,0,0,10000,24000,35050,63000
45,4,2,0,0,12000,26000,40000,70000
45,4,3,0,0,10000,28000,45000,75000
45,4,4,0,0,14000,30000,48000,80000
45,4,5,0,0,0,27000,48000,84000
45,5,1,0,0,8000,20000,30000,54000
45,5,2,0,0,7000,21000,35000,60000
45,5,3,0,0,10300,25000,41000,75000
45,5,4,0,0,12000,27000,45000,75000
45,5,5,0,0,3000,24000,41000,73000
45,6,1,0,0,700,14900,21000,50000
45,6,2,0,0,1500,12000,21000,48000
45,6,3,0,0,0,14000,31600,50000
45,6,4,0,0,7450,12000,23350,45000
45,6,5,0,0,0,12050,25000,60000
46,1,1,0,4400,20000,34000,42000,66000
46,1,2,0,7800,20750,36000,50000,85000
46,1,3,0,4000,20000,37000,53000,97000
46,1,4,0,8000,26000,43000,60000,115000
46,1,5,0,0,12000,37000,58000,120000
46,2,1,0,0,10000,23000,32400,60000
46,2,2,0,2000,15200,26000,38300,70000
46,2,3,0,0,14000,30000,40000,70000
46,2,4,0,1200,18000,32000,49000,100000
46,2,5,0,0,6000,24150,40000,80000
46,3,1,0,0,1600,12000,24500,40000
46,3,2,0,0,1000,13050,25000,50000
46,3,3,0,0,1450,12400,25350,55000
46,3,4,0,0,2500,14700,30000,60000
46,3,5,0,0,0,10000,25000,50000
46,4,1,0,0,13700,30000,42000,70000
46,4,2,0,800,16700,34000,45000,70000
46,4,3,0,0,5000,30000,49000,75000
46,4,4,0,0,8000,30000,45000,80000
46,4,5,0,0,1000,30000,46000,80000
46,5,1,0,745,10000,25950,40000,60000
46,5,2,0,400,12500,30000,45000,87000
46,5,3,0,2200,20000,33000,40000,67000
46,5,4,0,0,17000,33000,45000,90000
46,5,5,0,0,5100,26000,42700,70000
46,6,1,0,0,2100,23500,35000,51000
46,6,2,0,8000,18000,30800,41000,60000
46,6,3,0,150,12000,28500,41000,130000
46,6,4,0,200,7400,28400,42000,64000
46,6,5,0,0,360,17250,36000,61000
47,1,1,0,2000,17100,32000,45000,75000
47,1,2,0,750,20600,37600,55000,100000
47,1,3,0,500,22000,41000,62000,120000
47,1,4,0,800,24000,44000,70000,150000
47,1,5,0,0,8500,42000,74000,178000
47,2,1,0,0,6000,20000,30000,55000
47,2,2,0,0,7500,22600,36000,70000
47,2,3,0,0,10000,25000,40000,85000
47,2,4,0,0,11000,28000,43500,100000
47,2,5,0,0,1300,23100,40000,95000
47,3,1,0,0,2000,12300,23800,45000
47,3,2,0,0,920,13000,25000,55000
47,3,3,0,0,500,12800,26000,60000
47,3,4,0,0,1200,14000,30000,65000
47,3,5,0,0,0,10700,25000,60000
47,4,1,0,0,8000,22000,35000,60000
47,4,2,0,0,8000,24000,38000,65000
47,4,3,0,0,7200,27000,41300,70000
47,4,4,0,0,9300,30000,47000,80000
47,4,5,0,0,0,25000,46000,80000
47,5,1,0,0,5000,18000,30000,53000
47,5,2,0,0,8500,22000,34000,58000
47,5,3,0,0,10000,24000,36000,68500
47,5,4,0,0,12600,26000,40000,72000
47,5,5,0,0,3000,24000,40000,75000
47,6,1,0,0,1700,14150,20000,30000
47,6,2,0,0,0,7200,20150,31200
47,6,3,0,0,600,13000,20000,38300
47,6,4,0,0,0,11550,29500,55500
47,6,5,0,0,0,5000,23000,49800
48,1,1,0,2500,18000,35000,52000,90000
48,1,2,0,1500,22000,43200,65000,120000
48,1,3,0,1000,24900,48000,75000,150000
48,1,4,0,1100,28000,51000,85000,180000
48,1,5,0,0,10400,50000,86000,200000
48,2,1,0,0,7500,20000,32400,62000
48,2,2,0,0,8800,25000,40000,85000
48,2,3,0,0,10000,27000,45000,103000
48,2,4,0,0,12000,30000,50000,124000
48,2,5,0,0,3000,25000,49000,120000
48,3,1,0,0,1900,12950,25000,50000
48,3,2,0,0,1200,14000,28000,60000
48,3,3,0,0,1000,14000,30000,68000
48,3,4,0,0,1600,14400,30000,75000
48,3,5,0,0,0,12000,25000,70000
48,4,1,0,0,12000,25000,40000,78000
48,4,2,0,0,11500,26700,45000,90000
48,4,3,0,0,12000,30000,50000,95000
48,4,4,0,0,12000,30000,50000,96000
48,4,5,0,0,0,28000,50000,100000
48,5,1,0,0,6500,20400,36000,70000
48,5,2,0,0,9900,25000,42000,81000
48,5,3,0,0,10000,25000,45000,90000
48,5,4,0,0,12000,27400,48000,92000
48,5,5,0,0,4400,25000,46000,93000
48,6,1,0,0,3000,16000,28000,48800
48,6,2,0,0,1000,16450,30000,50000
48,6,3,0,0,2000,18000,30000,52000
48,6,4,0,0,1800,17500,29000,54000
48,6,5,0,0,0,13000,27000,55000
49,1,1,0,0,10800,27800,42100,74000
49,1,2,0,0,15000,36500,57000,97000
49,1,3,0,0,19000,45000,70000,130000
49,1,4,0,500,22000,50000,80000,163000
49,1,5,0,0,10000,48000,83000,180000
49,2,1,0,0,5000,19000,30000,55000
49,2,2,0,0,5800,23000,38000,80000
49,2,3,0,0,7000,26000,45000,99000
49,2,4,0,0,11900,30000,50000,117000
49,2,5,0,0,4000,25000,47000,100000
49,3,1,0,0,1000,10000,22000,45000
49,3,2,0,0,100,11300,26000,50000
49,3,3,0,0,900,12700,32000,63000
49,3,4,0,0,1400,13000,37000,80000
49,3,5,0,0,400,12000,30000,70000
49,4,1,0,1300,14000,26000,40000,70000
49,4,2,0,0,15300,30600,45000,80000
49,4,3,0,1500,18000,35000,55000,90000
49,4,4,0,600,22000,40000,60000,90000
49,4,5,0,0,6000,35000,60000,95000
49,5,1,0,1300,10000,22000,33000,59000
49,5,2,0,650,11000,28000,42000,80000
49,5,3,0,400,12000,28000,45000,82000
49,5,4,0,0,14000,34000,52000,90000
49,5,5,0,0,6500,27800,49000,85000
49,6,1,0,2400,2800,15000,28300,40000
49,6,2,0,0,4900,16850,26000,44000
49,6,3,0,0,5500,24000,38500,60000
49,6,4,3000,5000,12000,22000,36000,90000
49,6,5,0,0,0,12000,30000,57000
50,1,1,0,6500,20000,33000,46000,70000
50,1,2,0,2200,23000,40000,51500,80000
50,1,3,0,2400,26000,43150,61000,112000
50,1,4,0,3000,28000,48000,69000,115000
50,1,5,0,0,5000,40000,68000,150000
50,2,1,0,0,8550,21000,33000,57000
50,2,2,0,0,9000,25000,36800,59000
50,2,3,0,0,10000,27000,42500,93000
50,2,4,0,1200,15000,30000,44500,85000
50,2,5,0,0,3300,25000,43000,80000
50,3,1,0,0,5000,16000,27000,47000
50,3,2,0,0,2800,15050,30000,58000
50,3,3,0,0,0,16700,38000,71000
50,3,4,0,0,1100,14000,31000,70000
50,3,5,0,0,0,10000,25800,60000
50,4,1,0,0,12500,26800,37500,57500
50,4,2,0,0,9000,30000,44300,60000
50,4,3,0,0,6250,31650,45000,71000
50,4,4,0,0,0,35000,50000,80000
50,4,5,0,0,0,28000,47000,80000
50,5,1,0,750,6000,20000,31200,53000
50,5,2,0,0,4800,25000,40000,62000
50,5,3,0,0,17000,30000,40000,80000
50,5,4,0,0,14000,30000,44000,63000
50,5,5,0,0,2400,24000,42600,68000
50,6,1,0,0,7250,15950,26800,42300
50,6,2,0,0,0,7650,25000,31200
50,6,3,0,0,0,11500,20800,30000
50,6,4,0,0,0,12000,29000,109000
50,6,5,0,0,0,3000,24000,52000
51,1,1,0,5000,22000,40000,60000,91000
51,1,2,0,7000,30000,50000,75000,120000
51,1,3,0,5100,32000,58000,92000,150000
51,1,4,0,5600,35000,64000,103000,180000
51,1,5,0,0,16700,59000,105000,200000
51,2,1,0,0,8000,21000,35000,60000
51,2,2,0,0,8000,25400,42800,85000
51,2,3,0,0,10800,30000,50000,110000
51,2,4,0,0,11000,31000,54000,125000
51,2,5,0,0,5000,27700,50000,128000
51,3,1,0,0,4700,16350,30000,60000
51,3,2,0,0,4000,18000,38000,79000
51,3,3,0,0,5000,20800,43000,97000
51,3,4,0,0,5000,22000,50000,115000
51,3,5,0,0,280,15000,35000,100000
51,4,1,0,0,13000,27000,40000,70000
51,4,2,0,0,15000,30000,45000,75000
51,4,3,0,0,15800,32000,50000,90000
51,4,4,0,0,16200,35000,50000,85000
51,4,5,0,0,0,32000,54000,95000
51,5,1,0,0,5700,20000,35000,63000
51,5,2,0,0,8550,23000,38000,73000
51,5,3,0,0,10000,26000,42000,90000
51,5,4,0,0,12000,28800,45000,92000
51,5,5,0,0,4000,24000,45000,85000
51,6,1,0,0,700,12000,25000,41000
51,6,2,0,0,1750,18000,28000,50000
51,6,3,0,0,2100,15000,27000,60000
51,6,4,0,0,320,17000,31400,77000
51,6,5,0,0,0,8000,25000,60000
53,1,1,0,2000,18000,35500,57000,105000
53,1,2,0,1600,24000,47300,73000,130000
53,1,3,0,1000,27000,54000,85000,164000
53,1,4,0,1200,30000,60000,95000,200000
53,1,5,0,0,8000,50000,90000,185000
53,2,1,0,0,7000,22000,35000,60000
53,2,2,0,0,7600,26000,42000,80000
53,2,3,0,0,8000,30000,48000,105000
53,2,4,0,0,11600,33300,55000,125000
53,2,5,0,0,2000,28000,50000,115000
53,3,1,0,0,3000,15000,28000,52000
53,3,2,0,0,2000,16950,30000,65000
53,3,3,0,0,2100,18000,35000,80000
53,3,4,0,0,2300,19300,40000,90000
53,3,5,0,0,0,14300,32000,81000
53,4,1,0,290,15000,30000,45300,75000
53,4,2,0,0,17000,35000,54000,85000
53,4,3,0,0,18400,38100,60000,97000
53,4,4,0,0,20000,42000,64000,100000
53,4,5,0,0,140,37350,62000,100000
53,5,1,0,0,8000,22600,36000,65000
53,5,2,0,0,8000,25950,43900,75000
53,5,3,0,0,10000,30000,50000,97000
53,5,4,0,0,13500,31000,50000,90000
53,5,5,0,0,3200,28000,50000,100000
53,6,1,0,0,5500,16000,25000,48000
53,6,2,0,0,4000,16400,25000,53000
53,6,3,0,0,2100,15000,25000,50000
53,6,4,0,0,9000,18500,27000,52000
53,6,5,0,0,0,15000,29000,68000
54,1,1,0,520,14700,30000,43000,75000
54,1,2,0,2600,20300,36000,52000,93000
54,1,3,0,4300,21000,38500,55000,105000
54,1,4,0,1100,22000,40000,62000,125000
54,1,5,0,0,8450,38000,65000,140000
54,2,1,0,0,4000,15000,28000,50000
54,2,2,0,0,5000,18000,30000,57000
54,2,3,0,0,8000,20800,35000,72000
54,2,4,0,0,11000,24000,41000,78000
54,2,5,0,0,2500,21250,37200,80000
54,3,1,0,0,1000,10000,20000,42000
54,3,2,0,0,750,12000,24000,50000
54,3,3,0,0,600,11000,24000,50000
54,3,4,0,0,1900,15000,28750,64000
54,3,5,0,0,0,12000,24000,56000
54,4,1,0,0,10000,26000,50000,92000
54,4,2,0,0,10000,30000,55000,95000
54,4,3,0,0,10000,32000,59000,96000
54,4,4,0,0,16000,39000,68000,109000
54,4,5,0,0,0,31000,58000,96000
54,5,1,0,0,6000,18000,35000,70000
54,5,2,0,0,6200,22000,40000,70000
54,5,3,0,0,8300,30000,48000,80000
54,5,4,0,0,14200,30200,52000,80000
54,5,5,0,0,2000,25000,45000,80000
54,6,1,0,0,0,3450,16000,30000
54,6,2,0,0,900,21400,35000,56000
54,6,3,0,0,0,18200,31000,48000
54,6,4,0,0,12000,20000,30000,47000
54,6,5,0,0,0,8300,28000,63000
55,1,1,0,7000,20000,35000,50000,76000
55,1,2,0,8000,25000,40000,57000,100000
55,1,3,0,7000,29000,47000,66000,120000
55,1,4,0,6000,30000,50000,72000,148000
55,1,5,0,0,10000,43000,72000,150000
55,2,1,0,300,10000,22750,34750,56000
55,2,2,0,0,12000,26800,40000,70000
55,2,3,0,0,14400,30000,45000,85000
55,2,4,0,800,15300,32000,50000,97000
55,2,5,0,0,4500,25000,43600,90000
55,3,1,0,0,2500,12600,24450,50000
55,3,2,0,0,3600,15000,28000,60000
55,3,3,0,0,3500,15000,30000,65000
55,3,4,0,0,2850,16850,35000,70000
55,3,5,0,0,0,10700,27000,61000
55,4,1,0,0,15000,30000,43000,65000
55,4,2,0,0,19000,35000,50000,78000
55,4,3,0,0,20000,36000,53000,80000
55,4,4,0,0,20000,40000,60000,90000
55,4,5,0,0,1500,33700,52000,85000
55,5,1,0,220,10000,25000,38000,60000
55,5,2,0,840,12000,29300,43000,69000
55,5,3,0,400,15000,30000,45000,69000
55,5,4,0,150,19000,34000,49000,70000
55,5,5,0,0,5300,28600,45000,72000
55,6,1,0,0,6000,21500,30000,50000
55,6,2,0,0,6000,24000,35000,54000
55,6,3,0,0,5000,22000,35000,55000
55,6,4,0,0,2500,20000,35000,60000
55,6,5,0,0,0,6500,27000,55000
56,1,1,800,8000,15000,30000,46000,80000
56,1,2,0,300,15000,37000,55000,90000
56,1,3,0,4000,25000,45000,61000,120000
56,1,4,0,5400,26000,50000,70000,120000
56,1,5,0,0,6000,39000,67000,123000
56,2,1,0,0,5000,19900,29500,47500
56,2,2,0,0,10000,25000,40000,70000
56,2,3,0,0,10000,29000,43000,91000
56,2,4,0,0,10000,26000,48000,82000
56,2,5,0,0,2100,23300,42000,90000
56,3,1,0,0,4000,15000,27000,50000
56,3,2,0,0,1000,14000,30000,65000
56,3,3,0,0,1000,15000,30600,70000
56,3,4,0,0,1200,18450,42000,75000
56,3,5,0,0,0,12000,29000,68000
56,4,1,0,2000,20000,36000,65000,105000
56,4,2,0,5000,28000,49000,75000,105000
56,4,3,0,0,23000,45000,79000,120000
56,4,4,0,11800,30000,52000,80000,128000
56,4,5,0,0,9500,43000,72000,113000
56,5,1,0,1500,18000,30000,50000,100000
56,5,2,0,0,17000,38000,80000,98000
56,5,3,2500,4500,20000,42000,70000,96000
56,5,4,2600,12000,20500,43500,69000,96000
56,5,5,0,0,4800,32000,60000,103000
56,6,1,0,0,6700,12000,41000,86000
56,6,2,0,0,580,16450,36350,50500
56,6,3,0,0,7000,28000,45000,99000
56,6,4,0,0,2600,14850,39000,150000
56,6,5,0,0,0,16550,30800,61000
