age,loan_amt,is_idp,loan_amt_left,occp,family_income,educ,hh_size,grad_age
41,40000,0,25000,1,113000,13,3,31
41,40000,0,25000,1,113000,13,3,31
41,40000,0,25000,1,113000,13,3,31
41,40000,0,25000,1,113000,13,3,31
41,40000,0,25000,1,113000,13,3,31
25,13000,1,13000,3,15000,8,1,26
25,13000,1,13000,3,15000,8,1,26
25,13000,1,13000,3,15000,8,1,26
25,13000,1,13000,3,15000,8,1,26
25,13000,1,13000,3,15000,8,1,26
42,11000,0,8900,1,28000,12,4,39
42,11000,0,8900,1,28000,12,4,39
42,11000,0,8900,1,28000,12,4,39
42,11000,0,8900,1,28000,12,4,39
42,11000,0,8900,1,28000,12,4,39
30,5000,1,5000,0,5000,9,3,28
30,5000,1,5000,0,5000,9,3,28
30,5000,1,5000,0,5000,9,3,28
30,5000,1,5000,0,5000,9,3,28
30,5000,1,5000,0,5000,9,3,28
62,20000,1,21000,1,102000,13,1,56
62,20000,1,21000,1,102000,13,1,56
62,20000,1,21000,1,102000,13,1,56
62,20000,1,21000,1,102000,13,1,56
62,20000,1,21000,1,102000,13,1,56
35,20000,0,14000,1,37000,9,3,20
35,20000,0,14000,1,37000,9,3,20
35,20000,0,14000,1,37000,9,3,20
35,20000,0,14000,1,37000,9,3,20
35,20000,0,14000,1,37000,9,3,20
38,30000,0,28000,1,68000,12,1,37
38,30000,0,28000,1,68000,12,1,37
38,30000,0,28000,1,68000,12,1,37
38,30000,0,28000,1,68000,12,1,37
38,30000,0,28000,1,68000,12,1,37
40,57000,1,56000,1,73000,11,3,37
40,57000,1,56000,1,73000,11,3,37
40,57000,1,56000,1,73000,11,3,37
40,57000,1,56000,1,73000,11,3,37
40,57000,1,56000,1,73000,11,3,37
54,8000,1,6000,1,27000,10,1,30
54,8000,1,6000,1,27000,10,1,30
54,8000,1,6000,1,27000,10,1,30
54,8000,1,6000,1,27000,10,1,30
54,8000,1,6000,1,27000,10,1,30
50,15000,0,3800,1,127000,13,4,33
50,15000,0,3900,1,127000,13,4,33
50,15000,0,3800,1,127000,13,4,33
50,15000,0,3900,1,127000,13,4,33
50,15000,0,3900,1,127000,13,4,33
35,9000,0,4100,1,48000,12,3,22
35,9000,0,4100,1,63000,12,3,22
35,9000,0,4100,1,43000,12,3,22
35,9000,0,4100,1,43000,12,3,22
35,9000,0,4100,1,50000,12,3,22
47,50000,1,43000,2,38000,11,1,42
47,50000,1,43000,2,38000,11,1,42
47,50000,1,43000,2,38000,11,1,42
47,50000,1,43000,2,38000,11,1,42
47,50000,1,43000,2,38000,11,1,42
32,30000,0,20000,2,119000,12,3,23
32,30000,0,20000,2,119000,12,3,23
32,30000,0,20000,2,119000,12,3,23
32,30000,0,20000,2,119000,12,3,23
32,30000,0,20000,2,119000,12,3,23
44,40000,0,30000,1,35000,13,1,28
44,40000,0,30000,1,35000,13,1,28
44,40000,0,30000,1,35000,13,1,28
44,40000,0,30000,1,35000,13,1,28
44,40000,0,30000,1,35000,13,1,28
46,15000,1,24000,2,81000,11,2,21
46,15000,1,24000,2,81000,11,2,21
46,15000,1,24000,2,81000,11,2,21
46,15000,1,24000,2,81000,11,2,21
46,15000,1,24000,2,81000,11,2,21
50,48000,0,48000,3,35000,9,2,47
50,48000,0,48000,3,35000,9,2,47
50,48000,0,48000,3,35000,9,2,47
50,48000,0,48000,3,35000,9,2,47
50,48000,0,48000,3,35000,9,2,47
33,10000,0,7500,1,57000,12,4,28
33,10000,0,7500,1,57000,12,4,28
33,10000,0,7500,1,57000,12,4,28
33,10000,0,7500,1,57000,12,4,28
33,10000,0,7500,1,57000,12,4,28
55,15000,0,14000,0,33000,8,2,44
55,15000,0,14000,0,33000,8,2,44
55,15000,0,14000,0,32000,8,2,44
55,15000,0,14000,0,33000,8,2,44
55,15000,0,14000,0,33000,8,2,44
35,55000,1,52000,4,117000,12,3,29
35,55000,1,52000,4,117000,12,3,29
35,55000,1,52000,4,117000,12,3,29
35,55000,1,52000,4,117000,12,3,29
35,55000,1,52000,4,117000,12,3,29
22,3500,0,2700,2,17000,8,2,19
22,3500,0,2700,2,17000,8,2,19
22,3500,0,2700,2,17000,8,2,19
22,3500,0,2700,2,17000,8,2,19
22,3500,0,2700,2,17000,8,2,19
29,20000,0,15000,1,91000,12,3,23
29,20000,0,15000,1,91000,12,3,23
29,20000,0,15000,1,91000,12,3,23
29,20000,0,15000,1,91000,12,3,23
29,20000,0,15000,1,91000,12,3,23
32,167000,1,167000,1,49000,14,1,28
32,153000,1,153000,1,45000,14,1,28
32,169000,1,174000,1,51000,14,1,28
32,151000,1,151000,1,47000,14,1,28
32,156000,1,155000,1,50000,14,1,28
43,20000,0,15000,1,80000,12,1,23
43,20000,0,15000,1,80000,12,1,23
43,20000,0,15000,1,80000,12,1,23
43,20000,0,15000,1,80000,12,1,23
43,20000,0,15000,1,80000,12,1,23
33,11000,1,10000,4,36000,9,2,21
33,11000,1,11000,4,41000,9,2,21
33,11000,1,11000,4,29000,9,2,21
33,10000,1,11000,4,32000,9,2,21
33,11000,1,10000,4,40000,9,2,21
26,5500,0,4000,2,91000,9,2,23
26,5500,0,4000,2,91000,9,2,23
26,5500,0,4000,2,91000,9,2,23
26,5500,0,4000,2,91000,9,2,23
26,5500,0,4000,2,91000,9,2,23
45,180000,0,20000,1,140000,14,1,37
45,180000,0,20000,1,140000,14,1,37
45,180000,0,20000,1,140000,14,1,37
45,180000,0,20000,1,140000,14,1,37
45,180000,0,20000,1,140000,14,1,37
20,2300,0,510,5,27000,9,2,15
20,2300,0,500,5,27000,9,2,15
20,1900,0,500,5,27000,9,2,15
20,2300,0,500,5,27000,9,2,15
20,1900,0,500,5,27000,9,2,15
41,65000,0,15000,1,86000,12,4,35
41,65000,0,15000,1,86000,12,4,35
41,65000,0,15000,1,86000,12,4,35
41,65000,0,15000,1,86000,12,4,35
41,65000,0,15000,1,86000,12,4,35
50,55000,0,38000,1,174000,14,2,40
50,55000,0,38000,1,174000,14,2,40
50,55000,0,38000,1,174000,14,2,40
50,55000,0,38000,1,174000,14,2,40
50,55000,0,38000,1,174000,14,2,40
38,40000,0,38000,1,45000,13,1,32
38,40000,0,38000,1,45000,13,1,32
38,40000,0,38000,1,45000,13,1,32
38,40000,0,38000,1,45000,13,1,32
38,40000,0,38000,1,45000,13,1,32
41,30000,0,15000,1,34000,11,2,40
41,30000,0,15000,1,33000,11,2,40
41,30000,0,15000,1,33000,11,2,40
41,30000,0,15000,1,33000,11,2,40
41,30000,0,15000,1,33000,11,2,40
25,6000,0,5000,4,35000,5,4,19
25,6000,0,5000,4,35000,5,4,19
25,6000,0,5000,4,35000,5,4,19
25,6000,0,5000,4,35000,5,4,19
25,6000,0,5000,4,35000,5,4,19
45,34000,1,28000,1,42000,10,2,38
45,34000,1,28000,1,44000,10,2,38
45,34000,1,28000,1,30000,10,2,38
45,34000,1,28000,1,45000,10,2,38
45,34000,1,28000,1,42000,10,2,38
52,5000,0,2000,0,2700,9,1,40
52,5000,0,2000,0,2700,9,1,40
52,5000,0,2000,0,2700,9,1,40
52,5000,0,2000,0,2700,9,1,40
52,5000,0,2000,0,2700,9,1,40
45,80000,0,18000,2,15000,14,4,28
45,80000,0,18000,2,15000,14,4,28
45,80000,0,18000,2,15000,14,4,28
45,80000,0,18000,2,15000,14,4,28
45,80000,0,18000,2,15000,14,4,28
41,20000,0,10000,1,0,12,1,37
41,20000,0,10000,1,0,12,1,37
41,20000,0,10000,1,0,12,1,37
41,20000,0,10000,1,0,12,1,37
41,20000,0,10000,1,0,12,1,37
39,30000,0,6000,3,0,12,5,24
39,30000,0,6000,3,0,12,5,24
39,30000,0,6000,3,0,12,5,24
39,30000,0,6000,3,0,12,5,24
39,30000,0,6000,3,0,12,5,24
35,17000,1,16000,0,100000,12,2,36
35,17000,1,16000,0,100000,12,2,36
35,17000,1,16000,0,100000,12,2,36
35,17000,1,16000,0,100000,12,2,36
35,17000,1,16000,0,100000,12,2,36
30,38000,1,35000,1,35000,12,3,24
30,37000,1,35000,1,35000,12,3,24
30,37000,1,35000,1,35000,12,3,24
30,37000,1,35000,1,35000,12,3,24
30,38000,1,35000,1,35000,12,3,24
31,15000,0,3000,4,80000,11,1,23
31,15000,0,3000,4,80000,11,1,23
31,15000,0,3000,4,80000,11,1,23
31,15000,0,3000,4,80000,11,1,23
31,15000,0,3000,4,80000,11,1,23
30,15000,1,30000,2,25000,12,1,26
30,15000,1,30000,2,25000,12,1,26
30,15000,1,30000,2,25000,12,1,26
30,15000,1,30000,2,25000,12,1,26
30,15000,1,30000,2,25000,12,1,26
39,40000,0,19000,0,105000,12,3,29
39,40000,0,19000,0,84000,12,3,29
39,40000,0,19000,0,102000,12,3,29
39,40000,0,19000,0,102000,12,3,29
39,40000,0,19000,0,92000,12,3,29
46,35000,0,23000,1,64000,12,1,39
46,35000,0,23000,1,64000,12,1,39
46,35000,0,23000,1,64000,12,1,39
46,35000,0,23000,1,64000,12,1,39
46,35000,0,23000,1,64000,12,1,39
27,5000,1,4000,2,14000,8,5,20
27,5000,1,4000,2,14000,8,5,20
27,5000,1,4000,2,14000,8,5,20
27,5000,1,4000,2,14000,8,5,20
27,5000,1,4000,2,14000,8,5,20
50,32000,0,22000,3,28000,10,2,45
50,32000,0,22000,3,28000,10,2,45
50,32000,0,22000,3,27000,10,2,45
50,32000,0,22000,3,28000,10,2,45
50,32000,0,22000,3,28000,10,2,45
27,20000,1,8000,1,108000,9,2,20
27,20000,1,8000,1,108000,9,2,20
27,20000,1,8000,1,108000,9,2,20
27,20000,1,8000,1,108000,9,2,20
27,20000,1,8000,1,108000,9,2,20
35,25000,0,16000,1,61000,12,2,22
35,25000,0,16000,1,61000,12,2,22
35,25000,0,17000,1,61000,12,2,22
35,25000,0,17000,1,61000,12,2,22
35,25000,0,16000,1,61000,12,2,22
28,50000,1,47000,1,44000,13,2,25
28,50000,1,47000,1,40000,13,2,25
28,50000,1,47000,1,42000,13,2,25
28,50000,1,47000,1,41000,13,2,25
28,50000,1,47000,1,43000,13,2,25
37,14000,1,10000,0,107000,13,2,29
37,14000,1,10000,0,107000,13,2,29
37,14000,1,10000,0,107000,13,2,29
37,14000,1,10000,0,107000,13,2,29
37,14000,1,10000,0,107000,13,2,29
27,30000,0,15000,1,76000,12,1,22
27,30000,0,15000,1,76000,12,1,22
27,30000,0,15000,1,76000,12,1,22
27,30000,0,15000,1,76000,12,1,22
27,30000,0,15000,1,76000,12,1,22
29,60000,0,32000,1,105000,13,2,25
29,60000,0,40000,1,105000,13,2,25
29,60000,0,43000,1,105000,13,2,25
29,60000,0,32000,1,105000,13,2,25
29,60000,0,40000,1,105000,13,2,25
32,3900,1,160,3,89000,13,5,26
32,3900,1,160,3,91000,13,5,26
32,4600,1,160,3,94000,13,5,26
32,4100,1,170,3,97000,13,5,26
32,5000,1,170,3,93000,13,5,26
33,1800,1,810,2,21000,9,5,25
33,1800,1,810,2,21000,9,5,25
33,1800,1,800,2,21000,9,5,25
33,1800,1,800,2,21000,9,5,25
33,1800,1,810,2,21000,9,5,25
42,40000,1,19000,1,57000,12,5,26
42,40000,1,19000,1,56000,12,5,26
42,40000,1,19000,1,56000,12,5,26
42,40000,1,19000,1,56000,12,5,26
42,40000,1,19000,1,57000,12,5,26
34,10000,1,8000,1,56000,10,2,32
34,10000,1,8000,1,56000,10,2,32
34,10000,1,8000,1,56000,10,2,32
34,10000,1,8000,1,56000,10,2,32
34,10000,1,8000,1,56000,10,2,32
37,63000,1,80000,1,40000,13,1,28
37,63000,1,80000,1,40000,13,1,28
37,63000,1,80000,1,40000,13,1,28
37,63000,1,80000,1,40000,13,1,28
37,63000,1,80000,1,40000,13,1,28
31,75000,1,80000,1,40000,13,2,26
31,75000,1,80000,1,40000,13,2,26
31,75000,1,80000,1,39000,13,2,26
31,75000,1,80000,1,40000,13,2,26
31,75000,1,80000,1,39000,13,2,26
30,70000,0,26000,1,80000,12,1,21
30,70000,0,26000,1,80000,12,1,21
30,70000,0,26000,1,80000,12,1,21
30,70000,0,26000,1,80000,12,1,21
30,70000,0,26000,1,80000,12,1,21
44,33000,1,30000,4,77000,10,3,40
44,33000,1,30000,4,90000,10,3,40
44,33000,1,30000,4,76000,10,3,40
44,33000,1,30000,4,76000,10,3,40
44,33000,1,30000,4,91000,10,3,40
40,19000,1,7000,2,50000,12,1,23
40,19000,1,7000,2,50000,12,1,23
40,19000,1,7000,2,50000,12,1,23
40,19000,1,7000,2,50000,12,1,23
40,19000,1,7000,2,50000,12,1,23
46,10000,1,5500,2,75000,12,5,31
46,10000,1,6100,2,75000,12,5,31
46,10000,1,6800,2,75000,12,5,31
46,10000,1,6800,2,75000,12,5,31
46,10000,1,5400,2,75000,12,5,31
62,10000,1,800,2,70000,11,4,48
62,10000,1,800,2,70000,11,4,48
62,10000,1,800,2,70000,11,4,48
62,10000,1,800,2,70000,11,4,48
62,10000,1,800,2,70000,11,4,48
40,47000,1,34000,1,24000,12,4,25
40,47000,1,34000,1,24000,12,4,25
40,47000,1,34000,1,24000,12,4,25
40,47000,1,34000,1,24000,12,4,25
40,47000,1,34000,1,24000,12,4,25
27,48000,0,40000,1,35000,12,1,23
27,48000,0,42000,1,35000,12,1,23
27,48000,0,27000,1,35000,12,1,23
27,48000,0,41000,1,35000,12,1,23
27,48000,0,28000,1,35000,12,1,23
40,10000,1,7900,3,39000,9,2,27
40,10000,1,7900,3,39000,9,2,27
40,10000,1,7900,3,39000,9,2,27
40,10000,1,7900,3,39000,9,2,27
40,10000,1,7900,3,39000,9,2,27
36,33000,1,26000,2,176000,13,3,26
36,33000,1,26000,2,176000,13,3,26
36,33000,1,26000,2,176000,13,3,26
36,33000,1,26000,2,175000,13,3,26
36,33000,1,26000,2,175000,13,3,26
24,40000,1,38000,2,29000,12,1,22
24,40000,1,38000,2,29000,12,1,22
24,40000,1,38000,2,29000,12,1,22
24,40000,1,38000,2,29000,12,1,22
24,40000,1,38000,2,29000,12,1,22
34,9800,1,4600,0,0,10,3,24
34,9800,1,4600,0,0,10,3,24
34,9800,1,4600,0,0,10,3,24
34,9900,1,4600,0,0,10,3,24
34,9900,1,4600,0,0,10,3,24
36,200000,0,150000,1,400000,14,4,25
36,200000,0,150000,1,400000,14,4,25
36,200000,0,150000,1,400000,14,4,25
36,200000,0,150000,1,400000,14,4,25
36,200000,0,150000,1,400000,14,4,25
41,85000,0,40000,1,70000,13,3,28
41,85000,0,40000,1,70000,13,3,28
41,85000,0,40000,1,70000,13,3,28
41,85000,0,40000,1,70000,13,3,28
41,85000,0,40000,1,70000,13,3,28
34,20000,0,16000,1,147000,12,4,33
34,20000,0,16000,1,138000,12,4,33
34,20000,0,16000,1,121000,12,4,33
34,20000,0,16000,1,120000,12,4,33
34,20000,0,16000,1,134000,12,4,33
40,17000,1,17000,1,28000,9,4,27
40,17000,1,17000,1,28000,9,4,27
40,17000,1,17000,1,28000,9,4,27
40,17000,1,17000,1,28000,9,4,27
40,17000,1,17000,1,28000,9,4,27
51,75000,1,75000,1,44000,12,2,42
51,75000,1,75000,1,44000,12,2,42
51,75000,1,75000,1,44000,12,2,42
51,75000,1,75000,1,44000,12,2,42
51,75000,1,75000,1,44000,12,2,42
42,40000,0,13000,1,282000,13,4,25
42,40000,0,12000,1,282000,13,4,25
42,40000,0,13000,1,281000,13,4,25
42,40000,0,13000,1,282000,13,4,25
42,40000,0,13000,1,282000,13,4,25
21,10000,1,10000,2,12000,9,2,20
21,10000,1,10000,2,12000,9,2,20
21,10000,1,10000,2,20000,9,2,20
21,10000,1,10000,2,24000,9,2,20
21,10000,1,10000,2,17000,9,2,20
24,3500,0,1400,1,38000,12,2,22
24,3500,0,1500,1,38000,12,2,22
24,3500,0,1500,1,38000,12,2,22
24,3500,0,1500,1,38000,12,2,22
24,3500,0,1500,1,38000,12,2,22
27,4000,1,3200,3,26000,8,6,21
27,4000,1,3100,3,26000,8,6,21
27,4000,1,3100,3,26000,8,6,21
27,4000,1,3100,3,26000,8,6,21
27,4000,1,3100,3,26000,8,6,21
33,150000,1,209000,1,57000,14,2,28
33,150000,1,209000,1,57000,14,2,28
33,150000,1,209000,1,57000,14,2,28
33,150000,1,209000,1,57000,14,2,28
33,150000,1,209000,1,57000,14,2,28
51,30000,1,30000,6,42000,12,1,33
51,30000,1,30000,6,42000,12,1,33
51,30000,1,30000,6,42000,12,1,33
51,30000,1,30000,6,42000,12,1,33
51,30000,1,30000,6,42000,12,1,33
31,9000,1,2000,1,39000,9,2,27
31,9000,1,2000,1,39000,9,2,27
31,9000,1,2000,1,39000,9,2,27
31,9000,1,2000,1,39000,9,2,27
31,9000,1,2000,1,39000,9,2,27
32,10000,0,6600,1,55000,12,3,29
32,10000,0,6600,1,55000,12,3,29
32,10000,0,6600,1,55000,12,3,29
32,10000,0,6600,1,55000,12,3,29
32,10000,0,6600,1,55000,12,3,29
35,35000,1,29000,1,15000,9,3,22
35,35000,1,29000,1,15000,9,3,22
35,35000,1,29000,1,15000,9,3,22
35,35000,1,29000,1,15000,9,3,22
35,35000,1,29000,1,15000,9,3,22
48,60000,0,35000,0,24000,12,3,23
48,60000,0,35000,0,21000,12,3,23
48,60000,0,35000,0,17000,12,3,23
48,60000,0,35000,0,18000,12,3,23
48,60000,0,35000,0,20000,12,3,23
47,6200,0,1800,1,63000,11,3,40
47,6600,0,1800,1,62000,11,3,40
47,6200,0,1800,1,51000,11,3,40
47,6200,0,1800,1,64000,11,3,40
47,6600,0,1800,1,63000,11,3,40
39,21000,0,11000,1,316000,12,3,24
39,21000,0,10000,1,142000,12,3,24
39,21000,0,11000,1,219000,12,3,24
39,21000,0,10000,1,362000,12,3,24
39,21000,0,10000,1,216000,12,3,24
25,2500,0,500,4,42000,9,2,19
25,2500,0,510,4,42000,9,2,19
25,2500,0,500,4,42000,9,2,19
25,2500,0,500,4,42000,9,2,19
25,2500,0,500,4,42000,9,2,19
36,160000,0,100000,2,140000,13,4,35
36,160000,0,100000,2,140000,13,4,35
36,160000,0,100000,2,140000,13,4,35
36,160000,0,100000,2,140000,13,4,35
36,160000,0,100000,2,140000,13,4,35
43,30000,1,22000,1,61000,12,2,23
43,30000,1,22000,1,62000,12,2,23
43,30000,1,21000,1,61000,12,2,23
43,30000,1,21000,1,61000,12,2,23
43,30000,1,21000,1,61000,12,2,23
33,85000,0,20000,1,148000,14,2,28
33,85000,0,20000,1,148000,14,2,28
33,85000,0,20000,1,148000,14,2,28
33,85000,0,20000,1,148000,14,2,28
33,85000,0,20000,1,148000,14,2,28
42,22000,1,26000,0,0,12,3,27
42,22000,1,26000,0,0,12,3,27
42,22000,1,26000,0,0,12,3,27
42,22000,1,26000,0,0,12,3,27
42,22000,1,26000,0,0,12,3,27
40,10000,1,8800,5,50000,8,3,23
40,10000,1,5700,5,50000,8,3,23
40,10000,1,5200,5,50000,8,3,23
40,10000,1,6200,5,50000,8,3,23
40,10000,1,6600,5,50000,8,3,23
41,100000,1,70000,1,45000,13,2,39
41,100000,1,70000,1,34000,13,2,39
41,100000,1,70000,1,36000,13,2,39
41,100000,1,70000,1,38000,13,2,39
41,100000,1,70000,1,23000,13,2,39
23,27000,0,15000,2,66000,12,1,21
23,28000,0,15000,2,66000,12,1,21
23,27000,0,15000,2,66000,12,1,21
23,28000,0,15000,2,66000,12,1,21
23,28000,0,15000,2,66000,12,1,21
56,20000,0,4000,2,0,12,3,39
56,20000,0,4000,2,0,12,3,39
56,20000,0,4000,2,0,12,3,39
56,20000,0,4000,2,0,12,3,39
56,20000,0,4000,2,0,12,3,39
31,20000,0,13000,4,100000,12,2,23
31,20000,0,13000,4,100000,12,2,23
31,20000,0,13000,4,100000,12,2,23
31,20000,0,13000,4,100000,12,2,23
31,20000,0,13000,4,100000,12,2,23
29,11000,0,9500,4,61000,10,2,30
29,11000,0,9500,4,61000,10,2,30
29,11000,0,9500,4,61000,10,2,30
29,11000,0,9500,4,61000,10,2,30
29,11000,0,9500,4,61000,10,2,30
27,20000,0,6000,1,32000,12,1,18
27,20000,0,6000,1,31000,12,1,18
27,20000,0,6000,1,28000,12,1,18
27,20000,0,6000,1,40000,12,1,18
27,20000,0,6000,1,44000,12,1,18
38,6000,0,2500,4,35000,11,4,30
38,6000,0,2500,4,35000,11,4,30
38,6000,0,2500,4,31000,11,4,30
38,6000,0,2500,4,34000,11,4,30
38,6000,0,2500,4,34000,11,4,30
40,40000,0,20000,1,78000,10,2,35
40,40000,0,20000,1,78000,10,2,35
40,40000,0,20000,1,78000,10,2,35
40,40000,0,20000,1,78000,10,2,35
40,40000,0,20000,1,78000,10,2,35
66,132000,1,110000,1,57000,14,1,62
66,132000,1,110000,1,57000,14,1,62
66,132000,1,110000,1,57000,14,1,62
66,132000,1,110000,1,57000,14,1,62
66,132000,1,110000,1,57000,14,1,62
32,32000,1,32000,3,25000,12,1,31
32,32000,1,32000,3,25000,12,1,31
32,32000,1,32000,3,24000,12,1,31
32,32000,1,32000,3,24000,12,1,31
32,32000,1,32000,3,25000,12,1,31
27,90000,0,81000,2,140000,14,4,24
27,90000,0,81000,2,140000,14,4,24
27,90000,0,81000,2,140000,14,4,24
27,90000,0,81000,2,140000,14,4,24
27,90000,0,81000,2,140000,14,4,24
43,17000,1,3400,1,55000,12,2,24
43,17000,1,3400,1,55000,12,2,24
43,17000,1,3400,1,55000,12,2,24
43,17000,1,3400,1,55000,12,2,24
43,17000,1,3400,1,55000,12,2,24
27,20000,1,9000,1,17000,10,1,23
27,12000,1,9000,1,17000,10,1,23
27,12000,1,9000,1,21000,10,1,23
27,21000,1,9000,1,17000,10,1,23
27,11000,1,9000,1,14000,10,1,23
48,17000,0,3000,4,25000,11,2,42
48,17000,0,3000,4,25000,11,2,42
48,17000,0,3000,4,25000,11,2,42
48,17000,0,3000,4,25000,11,2,42
48,17000,0,3000,4,25000,11,2,42
27,8000,1,8000,3,27000,12,2,21
27,8000,1,8000,3,27000,12,2,21
27,8000,1,8000,3,27000,12,2,21
27,8000,1,8000,3,27000,12,2,21
27,8000,1,8000,3,27000,12,2,21
38,20000,1,20000,1,80000,12,1,37
38,20000,1,20000,1,80000,12,1,37
38,20000,1,20000,1,80000,12,1,37
38,20000,1,20000,1,80000,12,1,37
38,20000,1,20000,1,80000,12,1,37
29,36000,0,2000,1,65000,13,1,23
29,36000,0,2000,1,65000,13,1,23
29,38000,0,2000,1,65000,13,1,23
29,36000,0,2000,1,65000,13,1,23
29,39000,0,2000,1,65000,13,1,23
37,5500,0,2500,2,64000,9,5,30
37,5500,0,2500,2,64000,9,5,30
37,5500,0,2500,2,64000,9,5,30
37,5500,0,2500,2,64000,9,5,30
37,5500,0,2500,2,64000,9,5,30
29,30000,1,51000,1,32000,13,1,24
29,30000,1,51000,1,32000,13,1,24
29,30000,1,51000,1,31000,13,1,24
29,30000,1,51000,1,31000,13,1,24
29,30000,1,51000,1,31000,13,1,24
30,5000,1,4000,1,22000,11,3,29
30,5000,1,4000,1,23000,11,3,29
30,5000,1,4000,1,22000,11,3,29
30,5000,1,4000,1,23000,11,3,29
30,5000,1,4000,1,23000,11,3,29
44,40000,0,13000,1,93000,13,1,24
44,40000,0,12000,1,93000,13,1,24
44,40000,0,12000,1,93000,13,1,24
44,40000,0,12000,1,93000,13,1,24
44,40000,0,12000,1,93000,13,1,24
33,25000,0,16000,1,40000,12,2,25
33,25000,0,16000,1,40000,12,2,25
33,25000,0,16000,1,40000,12,2,25
33,25000,0,16000,1,40000,12,2,25
33,25000,0,16000,1,40000,12,2,25
40,22000,0,8000,3,86000,9,2,26
40,22000,0,7900,3,86000,9,2,26
40,22000,0,7900,3,86000,9,2,26
40,22000,0,7900,3,85000,9,2,26
40,22000,0,7900,3,86000,9,2,26
44,5000,0,2000,2,22000,12,1,38
44,5000,0,2000,2,21000,12,1,38
44,5000,0,2000,2,21000,12,1,38
44,5000,0,1900,2,22000,12,1,38
44,5000,0,2000,2,22000,12,1,38
34,32000,0,24000,0,37000,12,1,30
34,32000,0,24000,0,37000,12,1,30
34,32000,0,24000,0,37000,12,1,30
34,32000,0,24000,0,37000,12,1,30
34,32000,0,24000,0,37000,12,1,30
35,25000,0,20000,2,25000,12,1,29
35,24000,0,20000,2,25000,12,1,29
35,24000,0,20000,2,25000,12,1,29
35,25000,0,20000,2,25000,12,1,29
35,25000,0,20000,2,25000,12,1,29
39,200000,1,180000,1,0,14,2,27
39,200000,1,180000,1,0,14,2,27
39,200000,1,180000,1,0,14,2,27
39,200000,1,180000,1,0,14,2,27
39,200000,1,180000,1,0,14,2,27
55,40000,1,40000,1,64000,12,1,47
55,42000,1,42000,1,70000,12,1,47
55,41000,1,41000,1,69000,12,1,47
55,41000,1,41000,1,65000,12,1,47
55,45000,1,41000,1,74000,12,1,47
34,30000,0,3700,4,12000,10,1,22
34,30000,0,3700,4,12000,10,1,22
34,30000,0,3700,4,12000,10,1,22
34,30000,0,3700,4,12000,10,1,22
34,30000,0,3700,4,12000,10,1,22
32,29000,0,3800,1,92000,12,1,23
32,29000,0,3800,1,92000,12,1,23
32,29000,0,3800,1,92000,12,1,23
32,29000,0,3800,1,92000,12,1,23
32,29000,0,3800,1,92000,12,1,23
37,80000,1,79000,2,41000,12,1,32
37,80000,1,79000,2,41000,12,1,32
37,80000,1,79000,2,41000,12,1,32
37,80000,1,79000,2,41000,12,1,32
37,80000,1,79000,2,41000,12,1,32
28,17000,1,12000,3,43000,11,2,19
28,13000,1,12000,3,31000,11,2,19
28,12000,1,12000,3,33000,11,2,19
28,16000,1,12000,3,38000,11,2,19
28,20000,1,12000,3,25000,11,2,19
52,9000,0,7000,1,40000,11,1,47
52,9000,0,7000,1,40000,11,1,47
52,9000,0,7000,1,40000,11,1,47
52,9000,0,7000,1,40000,11,1,47
52,9000,0,7000,1,40000,11,1,47
51,6900,0,5000,3,140000,11,2,22
51,20000,0,5000,3,140000,11,2,22
51,5800,0,5000,3,140000,11,2,22
51,8700,0,5000,3,140000,11,2,22
51,16000,0,6000,3,140000,11,2,22
27,15000,0,14000,1,85000,9,2,26
27,15000,0,14000,1,85000,9,2,26
27,15000,0,14000,1,85000,9,2,26
27,15000,0,14000,1,85000,9,2,26
27,15000,0,14000,1,85000,9,2,26
46,10000,0,10000,3,50000,9,3,37
46,10000,0,10000,3,50000,9,3,37
46,10000,0,10000,3,50000,9,3,37
46,10000,0,10000,3,50000,9,3,37
46,10000,0,10000,3,50000,9,3,37
34,34000,0,23000,5,68000,12,4,27
34,27000,0,23000,5,63000,12,4,27
34,31000,0,23000,5,61000,12,4,27
34,34000,0,23000,5,66000,12,4,27
34,34000,0,23000,5,73000,12,4,27
51,35000,0,35000,1,165000,13,5,42
51,35000,0,35000,1,165000,13,5,42
51,35000,0,35000,1,165000,13,5,42
51,35000,0,35000,1,165000,13,5,42
51,35000,0,35000,1,165000,13,5,42
40,31000,0,21000,1,123000,12,6,34
40,28000,0,20000,1,123000,12,6,34
40,36000,0,17000,1,123000,12,6,34
40,33000,0,17000,1,123000,12,6,34
40,33000,0,18000,1,123000,12,6,34
46,10000,0,8000,1,78000,12,3,40
46,10000,0,8000,1,78000,12,3,40
46,10000,0,8000,1,78000,12,3,40
46,10000,0,8000,1,78000,12,3,40
46,10000,0,8000,1,78000,12,3,40
32,30000,0,22000,1,105000,13,4,22
32,30000,0,22000,1,105000,13,4,22
32,30000,0,22000,1,105000,13,4,22
32,30000,0,22000,1,105000,13,4,22
32,30000,0,22000,1,105000,13,4,22
23,20000,1,11000,0,20000,9,1,21
23,20000,1,11000,0,20000,9,1,21
23,20000,1,11000,0,20000,9,1,21
23,20000,1,11000,0,20000,9,1,21
23,20000,1,11000,0,20000,9,1,21
46,17000,1,1200,4,29000,10,1,31
46,17000,1,1200,4,29000,10,1,31
46,17000,1,1200,4,29000,10,1,31
46,17000,1,1200,4,29000,10,1,31
46,17000,1,1200,4,29000,10,1,31
31,54000,0,34000,1,140000,12,3,22
31,54000,0,34000,1,140000,12,3,22
31,54000,0,34000,1,140000,12,3,22
31,54000,0,34000,1,140000,12,3,22
31,54000,0,34000,1,140000,12,3,22
43,7600,0,4500,1,103000,10,4,30
43,7600,0,4500,1,103000,10,4,30
43,7600,0,4500,1,102000,10,4,30
43,7600,0,4500,1,103000,10,4,30
43,7600,0,4500,1,103000,10,4,30
42,28000,0,15000,1,0,12,4,31
42,28000,0,15000,1,0,12,4,31
42,28000,0,15000,1,0,12,4,31
42,28000,0,15000,1,0,12,4,31
42,28000,0,15000,1,0,12,4,31
31,27000,1,24000,1,48000,13,1,30
31,27000,1,24000,1,48000,13,1,30
31,27000,1,24000,1,48000,13,1,30
31,27000,1,24000,1,48000,13,1,30
31,27000,1,24000,1,48000,13,1,30
41,56000,1,50000,2,55000,11,6,28
41,56000,1,50000,2,55000,11,6,28
41,56000,1,50000,2,55000,11,6,28
41,56000,1,50000,2,55000,11,6,28
41,56000,1,50000,2,55000,11,6,28
33,29000,0,17000,2,95000,9,1,26
33,30000,0,16000,2,108000,9,1,26
33,29000,0,16000,2,98000,9,1,26
33,29000,0,17000,2,111000,9,1,26
33,28000,0,17000,2,110000,9,1,26
56,30000,0,30000,2,31000,12,1,46
56,30000,0,30000,2,50000,12,1,46
56,30000,0,30000,2,28000,12,1,46
56,30000,0,30000,2,33000,12,1,46
56,30000,0,30000,2,29000,12,1,46
51,3000,1,2800,5,92000,8,2,42
51,3000,1,2800,5,92000,8,2,42
51,3000,1,2800,5,92000,8,2,42
51,3000,1,2800,5,92000,8,2,42
51,3000,1,2800,5,92000,8,2,42
35,17000,1,13000,1,86000,10,4,29
35,17000,1,13000,1,86000,10,4,29
35,17000,1,13000,1,86000,10,4,29
35,17000,1,13000,1,86000,10,4,29
35,17000,1,13000,1,86000,10,4,29
34,13000,1,5000,1,114000,12,4,24
34,13000,1,5000,1,114000,12,4,24
34,12000,1,5000,1,114000,12,4,24
34,13000,1,5000,1,114000,12,4,24
34,13000,1,5000,1,114000,12,4,24
36,50000,0,48000,1,89000,12,2,25
36,50000,0,47000,1,89000,12,2,25
36,50000,0,47000,1,89000,12,2,25
36,50000,0,47000,1,89000,12,2,25
36,50000,0,47000,1,89000,12,2,25
29,30000,0,30000,0,29000,12,1,18
29,30000,0,30000,0,29000,12,1,18
29,30000,0,30000,0,29000,12,1,18
29,30000,0,30000,0,29000,12,1,18
29,30000,0,30000,0,29000,12,1,18
22,15000,1,9000,2,35000,9,3,21
22,15000,1,9000,2,35000,9,3,21
22,15000,1,9000,2,35000,9,3,21
22,15000,1,9000,2,35000,9,3,21
22,15000,1,9000,2,35000,9,3,21
30,100000,1,100000,1,60000,13,1,27
30,100000,1,100000,1,60000,13,1,27
30,100000,1,100000,1,60000,13,1,27
30,100000,1,100000,1,60000,13,1,27
30,100000,1,100000,1,60000,13,1,27
36,6000,1,4900,1,30000,11,4,26
36,6000,1,4400,1,30000,11,4,26
36,6000,1,4900,1,30000,11,4,26
36,6000,1,4600,1,30000,11,4,26
36,6000,1,5000,1,30000,11,4,26
40,400,1,400,0,0,9,4,39
40,400,1,400,0,0,9,4,39
40,400,1,400,0,0,9,4,39
40,400,1,400,0,0,9,4,39
40,400,1,400,0,0,9,4,39
61,30000,0,4600,1,65000,12,1,47
61,30000,0,4600,1,65000,12,1,47
61,30000,0,4600,1,65000,12,1,47
61,30000,0,4600,1,65000,12,1,47
61,30000,0,4500,1,65000,12,1,47
27,42000,0,42000,1,29000,14,1,26
27,45000,0,42000,1,29000,14,1,26
27,43000,0,41000,1,29000,14,1,26
27,43000,0,42000,1,29000,14,1,26
27,43000,0,42000,1,29000,14,1,26
50,15000,0,15000,0,16000,11,2,45
50,15000,0,15000,0,16000,11,2,45
50,15000,0,15000,0,16000,11,2,45
50,15000,0,15000,0,16000,11,2,45
50,15000,0,15000,0,16000,11,2,45
41,37000,0,25000,5,273000,12,5,23
41,40000,0,28000,5,250000,12,5,23
41,38000,0,25000,5,268000,12,5,23
41,38000,0,29000,5,234000,12,5,23
41,39000,0,22000,5,246000,12,5,23
37,25000,0,3000,3,90000,12,2,29
37,25000,0,3000,3,90000,12,2,29
37,25000,0,3000,3,90000,12,2,29
37,25000,0,3000,3,90000,12,2,29
37,25000,0,3000,3,90000,12,2,29
33,6000,1,3900,2,15000,7,4,27
33,6000,1,3900,2,15000,7,4,27
33,6000,1,3900,2,15000,7,4,27
33,6000,1,3900,2,15000,7,4,27
33,6000,1,3900,2,15000,7,4,27
29,18000,0,3000,2,225000,12,5,22
29,22000,0,3000,2,225000,12,5,22
29,18000,0,3000,2,118000,12,5,22
29,22000,0,3000,2,119000,12,5,22
29,18000,0,3000,2,149000,12,5,22
64,30000,0,7000,1,70000,12,2,50
64,30000,0,7000,1,70000,12,2,50
64,30000,0,7000,1,70000,12,2,50
64,30000,0,7000,1,70000,12,2,50
64,30000,0,7000,1,70000,12,2,50
27,10000,0,2900,1,77000,12,1,21
27,10000,0,2900,1,77000,12,1,21
27,10000,0,2900,1,77000,12,1,21
27,10000,0,2900,1,77000,12,1,21
27,10000,0,2900,1,77000,12,1,21
26,54000,1,27000,1,76000,12,1,22
26,54000,1,27000,1,76000,12,1,22
26,54000,1,27000,1,76000,12,1,22
26,54000,1,27000,1,76000,12,1,22
26,54000,1,27000,1,76000,12,1,22
41,65000,1,114000,1,28000,13,2,31
41,65000,1,114000,1,28000,13,2,31
41,65000,1,114000,1,28000,13,2,31
41,65000,1,114000,1,28000,13,2,31
41,65000,1,114000,1,28000,13,2,31
26,30000,0,29000,0,15000,11,3,23
26,30000,0,29000,0,15000,11,3,23
26,30000,0,29000,0,15000,11,3,23
26,30000,0,29000,0,15000,11,3,23
26,30000,0,29000,0,15000,11,3,23
39,40000,1,37000,1,55000,13,2,37
39,40000,1,37000,1,55000,13,2,37
39,40000,1,37000,1,55000,13,2,37
39,40000,1,37000,1,55000,13,2,37
39,40000,1,37000,1,55000,13,2,37
58,8000,0,2500,2,48000,12,2,49
58,8000,0,2500,2,48000,12,2,49
58,8000,0,2500,2,48000,12,2,49
58,8000,0,2500,2,48000,12,2,49
58,8000,0,2500,2,48000,12,2,49
25,10000,0,6500,4,53000,9,2,18
25,10000,0,6500,4,52000,9,2,18
25,10000,0,6500,4,53000,9,2,18
25,10000,0,6500,4,53000,9,2,18
25,10000,0,6500,4,53000,9,2,18
26,6000,0,1300,5,69000,9,4,20
26,6000,0,1300,5,69000,9,4,20
26,6000,0,1300,5,69000,9,4,20
26,6000,0,1200,5,69000,9,4,20
26,6000,0,1200,5,69000,9,4,20
48,7000,0,2700,5,106000,8,3,43
48,7000,0,2700,5,106000,8,3,43
48,7000,0,2700,5,106000,8,3,43
48,7000,0,2700,5,106000,8,3,43
48,7000,0,2700,5,106000,8,3,43
61,5000,1,4500,3,0,13,3,20
61,5000,1,4500,3,0,13,3,55
61,5000,1,4500,3,0,13,3,44
61,5000,1,4500,3,0,13,3,55
61,5000,1,4500,3,0,13,3,50
36,30000,1,700,5,140000,11,5,28
36,30000,1,5700,5,140000,11,5,28
36,30000,1,7500,5,140000,11,5,28
36,30000,1,7400,5,140000,11,5,28
36,30000,1,4200,5,140000,11,5,28
24,25000,1,25000,5,16000,9,1,22
24,25000,1,25000,5,16000,9,1,22
24,25000,1,25000,5,16000,9,1,22
24,25000,1,25000,5,16000,9,1,22
24,25000,1,25000,5,16000,9,1,22
28,30000,0,16000,1,130000,12,2,22
28,30000,0,16000,1,130000,12,2,22
28,30000,0,16000,1,130000,12,2,22
28,30000,0,16000,1,130000,12,2,22
28,30000,0,16000,1,130000,12,2,22
43,20000,0,26000,2,32000,11,1,40
43,20000,0,26000,2,32000,11,1,40
43,20000,0,26000,2,32000,11,1,40
43,20000,0,27000,2,32000,11,1,40
43,20000,0,27000,2,32000,11,1,40
42,32000,0,22000,1,65000,13,2,32
42,32000,0,22000,1,65000,13,2,32
42,32000,0,22000,1,65000,13,2,32
42,32000,0,22000,1,65000,13,2,32
42,32000,0,22000,1,65000,13,2,32
46,21000,0,21000,4,48000,10,1,42
46,21000,0,21000,4,48000,10,1,42
46,21000,0,21000,4,48000,10,1,42
46,21000,0,21000,4,48000,10,1,42
46,21000,0,21000,4,48000,10,1,42
41,75000,0,20000,2,230000,13,3,36
41,75000,0,20000,2,230000,13,3,36
41,75000,0,20000,2,230000,13,3,36
41,75000,0,20000,2,230000,13,3,36
41,75000,0,20000,2,230000,13,3,36
52,16000,0,2000,4,163000,12,2,45
52,16000,0,2000,4,162000,12,2,45
52,16000,0,2000,4,162000,12,2,45
52,16000,0,2000,4,162000,12,2,45
52,16000,0,2000,4,162000,12,2,45
29,92000,1,90000,1,58000,14,1,26
29,92000,1,90000,1,58000,14,1,26
29,92000,1,89000,1,58000,14,1,26
29,92000,1,90000,1,58000,14,1,26
29,92000,1,90000,1,58000,14,1,26
48,8000,1,5000,2,23000,9,2,42
48,8000,1,5000,2,23000,9,2,42
48,8000,1,5000,2,22000,9,2,42
48,8000,1,5000,2,24000,9,2,42
48,8000,1,5000,2,23000,9,2,42
25,32000,1,32000,1,37000,12,1,23
25,32000,1,32000,1,37000,12,1,23
25,32000,1,32000,1,37000,12,1,23
25,32000,1,32000,1,37000,12,1,23
25,32000,1,32000,1,37000,12,1,23
54,52000,1,52000,1,23000,12,1,52
54,52000,1,52000,1,23000,12,1,52
54,52000,1,52000,1,22000,12,1,52
54,52000,1,52000,1,23000,12,1,52
54,52000,1,52000,1,23000,12,1,52
49,5700,0,3000,4,0,10,1,32
49,5700,0,3000,4,0,10,1,32
49,5700,0,3000,4,0,10,1,32
49,5700,0,3000,4,0,10,1,32
49,5700,0,3000,4,0,10,1,32
28,7000,1,2500,3,70000,9,2,22
28,7000,1,2500,3,70000,9,2,22
28,7000,1,2500,3,70000,9,2,22
28,7000,1,2500,3,70000,9,2,22
28,7000,1,2500,3,70000,9,2,22
29,2000,1,1100,3,21000,11,1,25
29,2000,1,1200,3,21000,11,1,25
29,2000,1,1100,3,21000,11,1,25
29,2000,1,1100,3,21000,11,1,25
29,2000,1,1200,3,21000,11,1,25
33,15000,1,5000,1,37000,12,3,21
33,15000,1,5000,1,37000,12,3,21
33,15000,1,5000,1,37000,12,3,21
33,15000,1,5000,1,37000,12,3,21
33,15000,1,5000,1,37000,12,3,21
49,32000,1,32000,4,34000,12,1,35
49,32000,1,32000,4,34000,12,1,35
49,32000,1,32000,4,34000,12,1,35
49,32000,1,32000,4,34000,12,1,35
49,32000,1,32000,4,34000,12,1,35
35,1500,0,460,5,50000,9,2,34
35,1500,0,470,5,50000,9,2,34
35,1500,0,470,5,50000,9,2,34
35,1500,0,460,5,50000,9,2,34
35,1500,0,460,5,50000,9,2,34
43,25000,0,20000,1,18000,12,2,34
43,25000,0,20000,1,18000,12,2,34
43,25000,0,20000,1,18000,12,2,34
43,25000,0,20000,1,18000,12,2,34
43,25000,0,20000,1,18000,12,2,34
30,70000,1,70000,1,78000,11,1,28
30,70000,1,70000,1,78000,11,1,28
30,70000,1,70000,1,78000,11,1,28
30,70000,1,70000,1,78000,11,1,28
30,70000,1,70000,1,78000,11,1,28
58,35000,0,28000,4,65000,12,2,50
58,35000,0,28000,4,65000,12,2,50
58,35000,0,28000,4,65000,12,2,50
58,35000,0,28000,4,65000,12,2,50
58,35000,0,28000,4,65000,12,2,50
36,110000,0,60000,1,125000,14,1,24
36,110000,0,60000,1,125000,14,1,24
36,110000,0,60000,1,125000,14,1,24
36,110000,0,60000,1,125000,14,1,24
36,110000,0,60000,1,125000,14,1,24
24,24000,1,20000,1,22000,12,2,21
24,24000,1,20000,1,22000,12,2,21
24,24000,1,20000,1,22000,12,2,21
24,24000,1,20000,1,22000,12,2,21
24,24000,1,20000,1,22000,12,2,21
49,28000,0,18000,1,32000,12,4,34
49,28000,0,18000,1,32000,12,4,34
49,28000,0,18000,1,32000,12,4,34
49,28000,0,18000,1,32000,12,4,34
49,28000,0,18000,1,32000,12,4,34
43,40000,0,5000,1,230000,13,4,34
43,40000,0,5000,1,230000,13,4,34
43,40000,0,5000,1,230000,13,4,34
43,40000,0,5000,1,230000,13,4,34
43,40000,0,5000,1,230000,13,4,34
24,20000,1,5000,3,40000,9,1,21
24,20000,1,5000,3,44000,9,1,21
24,20000,1,5000,3,46000,9,1,21
24,20000,1,5000,3,47000,9,1,21
24,20000,1,5000,3,44000,9,1,21
38,10000,1,430,2,50000,10,6,30
38,10000,1,430,2,51000,10,6,30
38,10000,1,420,2,51000,10,6,30
38,10000,1,430,2,50000,10,6,30
38,10000,1,430,2,51000,10,6,30
46,100000,1,100000,1,71000,14,3,44
46,100000,1,100000,1,60000,14,3,44
46,100000,1,100000,1,70000,14,3,44
46,100000,1,100000,1,71000,14,3,44
46,100000,1,100000,1,67000,14,3,44
26,11000,1,8500,2,88000,13,4,23
26,10000,1,9900,2,38000,13,4,23
26,10000,1,9500,2,38000,13,4,23
26,11000,1,8500,2,38000,13,4,23
26,11000,1,8500,2,41000,13,4,23
33,40000,0,38000,1,112000,13,1,29
33,40000,0,38000,1,112000,13,1,29
33,40000,0,38000,1,112000,13,1,29
33,40000,0,38000,1,112000,13,1,29
33,40000,0,38000,1,112000,13,1,29
47,100000,0,50000,1,175000,14,4,30
47,100000,0,50000,1,175000,14,4,30
47,100000,0,50000,1,175000,14,4,30
47,100000,0,50000,1,175000,14,4,30
47,100000,0,50000,1,175000,14,4,30
32,5500,1,3500,1,35000,12,4,30
32,5500,1,3500,1,35000,12,4,30
32,5500,1,3500,1,35000,12,4,30
32,5500,1,3500,1,35000,12,4,30
32,5500,1,3500,1,35000,12,4,30
55,55000,1,55000,1,43000,13,1,44
55,55000,1,55000,1,33000,13,1,44
55,55000,1,55000,1,28000,13,1,44
55,55000,1,55000,1,27000,13,1,44
55,55000,1,55000,1,28000,13,1,44
30,3500,1,3500,3,11000,9,2,27
30,3500,1,3500,3,11000,9,2,27
30,3500,1,3500,3,11000,9,2,27
30,3500,1,3500,3,11000,9,2,27
30,3500,1,3500,3,11000,9,2,27
32,55000,1,45000,1,250000,12,2,25
32,55000,1,45000,1,250000,12,2,25
32,55000,1,45000,1,250000,12,2,25
32,55000,1,45000,1,250000,12,2,25
32,55000,1,45000,1,250000,12,2,25
52,22000,0,7500,5,28000,9,1,49
52,22000,0,7500,5,28000,9,1,49
52,23000,0,7500,5,28000,9,1,49
52,18000,0,7500,5,30000,9,1,49
52,23000,0,7500,5,31000,9,1,49
32,10000,1,10000,3,15000,9,3,29
32,10000,1,10000,3,15000,9,3,29
32,10000,1,10000,3,15000,9,3,29
32,10000,1,10000,3,15000,9,3,29
32,10000,1,10000,3,15000,9,3,29
39,54000,1,32000,2,63000,14,2,30
39,54000,1,32000,2,63000,14,2,30
39,54000,1,32000,2,63000,14,2,30
39,54000,1,32000,2,63000,14,2,30
39,54000,1,32000,2,63000,14,2,30
31,90000,1,80000,1,0,13,1,30
31,90000,1,80000,1,0,13,1,30
31,90000,1,80000,1,0,13,1,30
31,90000,1,80000,1,0,13,1,30
31,90000,1,80000,1,0,13,1,30
24,30000,1,27000,1,62000,12,4,22
24,30000,1,27000,1,61000,12,4,22
24,30000,1,26000,1,61000,12,4,22
24,30000,1,27000,1,62000,12,4,22
24,30000,1,26000,1,62000,12,4,22
37,26000,0,14000,1,99000,13,1,30
37,26000,0,14000,1,100000,13,1,30
37,26000,0,14000,1,100000,13,1,30
37,26000,0,14000,1,100000,13,1,30
37,26000,0,14000,1,100000,13,1,30
36,5100,1,4700,1,45000,11,1,34
36,6700,1,5000,1,47000,11,1,34
36,6600,1,5000,1,32000,11,1,34
36,5700,1,5000,1,29000,11,1,34
36,6000,1,5000,1,37000,11,1,34
39,9000,0,8100,2,32000,10,3,32
39,9000,0,8000,2,32000,10,3,32
39,9000,0,8100,2,32000,10,3,32
39,9000,0,8100,2,32000,10,3,32
39,9000,0,8100,2,32000,10,3,32
32,10000,1,1800,3,30000,9,2,30
32,10000,1,1800,3,30000,9,2,30
32,10000,1,1800,3,30000,9,2,30
32,10000,1,1800,3,30000,9,2,30
32,10000,1,1800,3,30000,9,2,30
54,21000,0,500,1,51000,12,3,38
54,21000,0,500,1,52000,12,3,38
54,21000,0,500,1,56000,12,3,38
54,21000,0,500,1,59000,12,3,38
54,21000,0,500,1,59000,12,3,38
28,40000,1,38000,1,90000,13,3,25
28,40000,1,38000,1,90000,13,3,25
28,40000,1,38000,1,90000,13,3,25
28,40000,1,38000,1,90000,13,3,25
28,40000,1,38000,1,90000,13,3,25
36,12000,0,2600,5,113000,8,3,28
36,12000,0,2600,5,113000,8,3,28
36,12000,0,2500,5,111000,8,3,28
36,12000,0,2600,5,112000,8,3,28
36,12000,0,2500,5,111000,8,3,28
54,65000,0,57000,1,46000,14,4,41
54,65000,0,57000,1,46000,14,4,41
54,65000,0,57000,1,46000,14,4,41
54,65000,0,57000,1,46000,14,4,41
54,65000,0,57000,1,46000,14,4,41
34,2800,1,2900,1,32000,9,1,33
34,2800,1,2900,1,32000,9,1,33
34,2800,1,2900,1,32000,9,1,33
34,2800,1,2900,1,32000,9,1,33
34,2800,1,2900,1,32000,9,1,33
27,50000,0,47000,1,45000,12,2,26
27,50000,0,47000,1,45000,12,2,26
27,50000,0,47000,1,45000,12,2,26
27,50000,0,47000,1,45000,12,2,26
27,50000,0,47000,1,45000,12,2,26
54,25000,1,40000,1,15000,12,1,48
54,25000,1,40000,1,16000,12,1,48
54,25000,1,40000,1,16000,12,1,48
54,25000,1,40000,1,16000,12,1,48
54,25000,1,40000,1,15000,12,1,48
35,30000,0,3000,1,12000,12,2,31
35,30000,0,3000,1,12000,12,2,31
35,30000,0,3000,1,11000,12,2,31
35,30000,0,3000,1,12000,12,2,31
35,30000,0,3000,1,12000,12,2,31
34,22000,0,2200,1,30000,13,1,22
34,22000,0,2200,1,31000,13,1,22
34,22000,0,2100,1,30000,13,1,22
34,22000,0,2200,1,30000,13,1,22
34,22000,0,2100,1,30000,13,1,22
41,256000,0,221000,1,32000,13,1,36
41,275000,0,221000,1,32000,13,1,36
41,264000,0,265000,1,50000,13,1,36
41,250000,0,234000,1,57000,13,1,36
41,250000,0,220000,1,27000,13,1,36
40,30000,0,22000,1,40000,12,5,23
40,30000,0,22000,1,40000,12,5,23
40,30000,0,22000,1,40000,12,5,23
40,30000,0,22000,1,40000,12,5,23
40,30000,0,22000,1,40000,12,5,23
43,25000,0,17000,1,96000,12,4,26
43,26000,0,17000,1,96000,12,4,26
43,25000,0,17000,1,96000,12,4,26
43,25000,0,17000,1,95000,12,4,26
43,26000,0,17000,1,95000,12,4,26
54,32000,0,40000,1,36000,12,8,46
54,32000,0,40000,1,50000,12,8,46
54,32000,0,40000,1,42000,12,8,46
54,32000,0,40000,1,38000,12,8,46
54,32000,0,40000,1,36000,12,8,46
44,32000,1,30000,4,89000,8,3,41
44,32000,1,30000,4,89000,8,3,41
44,32000,1,30000,4,89000,8,3,41
44,32000,1,30000,4,89000,8,3,41
44,32000,1,30000,4,89000,8,3,41
48,16000,0,8000,0,8000,12,2,32
48,16000,0,8000,0,8000,12,2,32
48,16000,0,8000,0,8000,12,2,32
48,16000,0,8000,0,8000,12,2,32
48,16000,0,8000,0,8000,12,2,32
54,10000,1,1200,3,115000,8,3,44
54,10000,1,1200,3,115000,8,3,44
54,10000,1,1200,3,115000,8,3,44
54,10000,1,1200,3,115000,8,3,44
54,10000,1,1200,3,115000,8,3,44
45,70000,1,70000,1,86000,13,2,39
45,70000,1,70000,1,86000,13,2,39
45,70000,1,70000,1,86000,13,2,39
45,70000,1,70000,1,86000,13,2,39
45,70000,1,70000,1,86000,13,2,39
27,10000,0,8000,1,104000,12,3,24
27,10000,0,8000,1,104000,12,3,24
27,10000,0,8000,1,104000,12,3,24
27,10000,0,8000,1,104000,12,3,24
27,10000,0,8000,1,104000,12,3,24
65,5500,0,5500,2,20000,11,1,55
65,6000,0,5900,2,22000,11,1,55
65,5600,0,5600,2,31000,11,1,55
65,5300,0,5300,2,23000,11,1,55
65,5600,0,5600,2,34000,11,1,55
43,50000,1,40000,3,40000,12,1,31
43,50000,1,35000,3,40000,12,1,31
43,50000,1,35000,3,40000,12,1,31
43,50000,1,35000,3,40000,12,1,31
43,50000,1,35000,3,40000,12,1,31
47,80000,0,25000,1,80000,12,2,26
47,80000,0,25000,1,80000,12,2,26
47,80000,0,25000,1,80000,12,2,26
47,80000,0,25000,1,80000,12,2,26
47,80000,0,25000,1,80000,12,2,26
38,130000,0,58000,1,148000,14,5,28
38,130000,0,58000,1,148000,14,5,28
38,130000,0,58000,1,148000,14,5,28
38,130000,0,58000,1,148000,14,5,28
38,130000,0,58000,1,148000,14,5,28
39,100000,0,20000,1,850000,14,5,27
39,100000,0,20000,1,850000,14,5,27
39,100000,0,20000,1,850000,14,5,27
39,100000,0,20000,1,850000,14,5,27
39,100000,0,20000,1,850000,14,5,27
28,25000,1,12000,1,65000,11,2,24
28,25000,1,12000,1,65000,11,2,24
28,25000,1,12000,1,65000,11,2,24
28,25000,1,12000,1,65000,11,2,24
28,25000,1,12000,1,65000,11,2,24
39,100000,1,100000,1,37000,13,3,36
39,100000,1,100000,1,37000,13,3,36
39,100000,1,100000,1,37000,13,3,36
39,100000,1,100000,1,37000,13,3,36
39,100000,1,100000,1,37000,13,3,36
63,6000,1,10000,1,9000,10,3,56
63,6000,1,11000,1,9000,10,3,56
63,6000,1,11000,1,9000,10,3,56
63,6000,1,11000,1,9000,10,3,56
63,6000,1,10000,1,9000,10,3,56
48,29000,1,29000,1,62000,14,5,44
48,29000,1,29000,1,62000,14,5,44
48,29000,1,29000,1,62000,14,5,44
48,29000,1,29000,1,62000,14,5,44
48,29000,1,29000,1,62000,14,5,44
39,19000,1,1000,5,38000,9,1,31
39,19000,1,1000,5,38000,9,1,31
39,19000,1,1000,5,38000,9,1,31
39,19000,1,1000,5,38000,9,1,31
39,19000,1,1000,5,38000,9,1,31
35,26000,1,22000,1,109000,12,4,24
35,26000,1,22000,1,108000,12,4,24
35,26000,1,22000,1,108000,12,4,24
35,26000,1,22000,1,108000,12,4,24
35,26000,1,22000,1,108000,12,4,24
35,4000,1,2000,3,8000,10,3,23
35,4000,1,2000,3,8000,10,3,23
35,4000,1,2000,3,8000,10,3,23
35,4000,1,2000,3,8000,10,3,23
35,4000,1,2000,3,8000,10,3,23
38,3000,0,1800,1,30000,10,1,32
38,3000,0,1800,1,30000,10,1,32
38,3000,0,1800,1,30000,10,1,32
38,3000,0,1800,1,30000,10,1,32
38,3000,0,1800,1,30000,10,1,32
53,5000,0,2500,5,5000,11,2,38
53,4900,0,2500,5,5000,11,2,38
53,5000,0,2500,5,5000,11,2,38
53,5000,0,2500,5,5000,11,2,38
53,3600,0,2500,5,5000,11,2,38
40,38000,0,10000,1,188000,12,2,23
40,34000,0,25000,1,188000,12,2,23
40,33000,0,25000,1,188000,12,2,23
40,28000,0,10000,1,188000,12,2,23
40,27000,0,10000,1,188000,12,2,23
30,200000,0,100000,1,125000,14,1,28
30,200000,0,100000,1,125000,14,1,28
30,200000,0,100000,1,125000,14,1,28
30,200000,0,100000,1,125000,14,1,28
30,200000,0,100000,1,125000,14,1,28
21,2500,1,2200,0,13000,9,3,22
21,2500,1,2200,0,12000,9,3,22
21,2500,1,2200,0,9700,9,3,22
21,2500,1,2200,0,8100,9,3,22
21,2500,1,2200,0,12000,9,3,22
28,28000,0,26000,1,94000,11,3,24
28,28000,0,26000,1,94000,11,3,24
28,28000,0,26000,1,94000,11,3,24
28,28000,0,26000,1,94000,11,3,24
28,28000,0,26000,1,94000,11,3,24
32,20000,1,8000,1,23000,10,2,29
32,20000,1,8000,1,23000,10,2,29
32,20000,1,8000,1,23000,10,2,29
32,20000,1,8000,1,23000,10,2,29
32,20000,1,8000,1,23000,10,2,29
28,1000,1,300,1,0,8,4,18
28,1000,1,300,1,0,8,4,18
28,1000,1,300,1,0,8,4,18
28,1000,1,300,1,0,8,4,18
28,1000,1,300,1,0,8,4,18
31,38000,1,38000,2,38000,10,4,28
31,38000,1,38000,2,38000,10,4,28
31,38000,1,38000,2,38000,10,4,28
31,38000,1,38000,2,38000,10,4,28
31,38000,1,38000,2,38000,10,4,28
37,45000,0,32000,0,0,12,2,24
37,45000,0,40000,0,0,12,2,24
37,45000,0,40000,0,0,12,2,24
37,45000,0,27000,0,0,12,2,24
37,45000,0,34000,0,0,12,2,24
40,100000,1,105000,1,38000,13,2,32
40,100000,1,104000,1,29000,13,2,32
40,100000,1,103000,1,41000,13,2,32
40,100000,1,108000,1,53000,13,2,32
40,100000,1,106000,1,46000,13,2,32
41,60000,0,12000,1,317000,14,4,25
41,60000,0,12000,1,317000,14,4,25
41,59000,0,12000,1,317000,14,4,25
41,60000,0,12000,1,317000,14,4,25
41,60000,0,12000,1,317000,14,4,25
45,400000,1,385000,1,150000,14,2,33
45,400000,1,385000,1,150000,14,2,33
45,400000,1,385000,1,150000,14,2,33
45,400000,1,385000,1,150000,14,2,33
45,400000,1,385000,1,150000,14,2,33
31,25000,0,13000,1,20000,13,1,27
31,25000,0,13000,1,21000,13,1,27
31,25000,0,13000,1,21000,13,1,27
31,25000,0,13000,1,20000,13,1,27
31,25000,0,13000,1,20000,13,1,27
45,75000,0,64000,1,160000,13,3,42
45,75000,0,74000,1,160000,13,3,42
45,75000,0,71000,1,160000,13,3,42
45,75000,0,68000,1,160000,13,3,42
45,75000,0,64000,1,160000,13,3,42
39,30000,0,5500,2,103000,12,3,33
39,30000,0,5500,2,103000,12,3,33
39,30000,0,5400,2,103000,12,3,33
39,30000,0,5500,2,102000,12,3,33
39,30000,0,5500,2,103000,12,3,33
26,60000,0,30000,3,45000,9,1,21
26,60000,0,30000,3,45000,9,1,21
26,60000,0,30000,3,45000,9,1,21
26,60000,0,30000,3,45000,9,1,21
26,60000,0,30000,3,45000,9,1,21
35,27000,1,19000,5,44000,11,1,31
35,27000,1,19000,5,44000,11,1,31
35,27000,1,19000,5,44000,11,1,31
35,27000,1,19000,5,44000,11,1,31
35,27000,1,19000,5,44000,11,1,31
44,8000,1,2800,0,22000,12,2,40
44,8000,1,2800,0,22000,12,2,40
44,8000,1,2800,0,22000,12,2,40
44,8000,1,2800,0,22000,12,2,40
44,8000,1,2800,0,22000,12,2,40
25,40000,0,30000,4,0,10,2,24
25,40000,0,30000,4,0,10,2,24
25,40000,0,30000,4,0,10,2,24
25,40000,0,30000,4,0,10,2,24
25,40000,0,30000,4,0,10,2,24
39,20000,0,18000,1,237000,13,5,33
39,20000,0,18000,1,237000,13,5,33
39,20000,0,17000,1,237000,13,5,33
39,20000,0,17000,1,237000,13,5,33
39,20000,0,17000,1,237000,13,5,33
28,55000,0,11000,1,80000,12,1,22
28,55000,0,11000,1,80000,12,1,22
28,55000,0,11000,1,80000,12,1,22
28,55000,0,11000,1,80000,12,1,22
28,55000,0,11000,1,80000,12,1,22
32,30000,0,15000,1,150000,12,3,26
32,30000,0,15000,1,150000,12,3,26
32,30000,0,15000,1,150000,12,3,26
32,30000,0,15000,1,150000,12,3,26
32,30000,0,15000,1,150000,12,3,26
36,6700,0,4500,4,64000,9,2,20
36,6700,0,4400,4,64000,9,2,20
36,6700,0,4500,4,64000,9,2,20
36,6700,0,4400,4,65000,9,2,20
36,6700,0,4400,4,64000,9,2,20
32,130000,0,140000,1,100000,14,1,28
32,130000,0,140000,1,100000,14,1,28
32,130000,0,140000,1,100000,14,1,28
32,130000,0,140000,1,100000,14,1,28
32,130000,0,140000,1,100000,14,1,28
29,25000,1,24000,5,40000,10,2,19
29,25000,1,22000,5,40000,10,2,19
29,25000,1,22000,5,40000,10,2,19
29,25000,1,22000,5,40000,10,2,19
29,25000,1,21000,5,40000,10,2,19
33,20000,0,9000,1,64000,12,1,27
33,20000,0,9000,1,64000,12,1,27
33,20000,0,9000,1,64000,12,1,27
33,20000,0,9000,1,64000,12,1,27
33,20000,0,9000,1,64000,12,1,27
46,10000,0,2000,0,0,9,6,39
46,10000,0,2000,0,0,9,6,39
46,10000,0,2000,0,0,9,6,39
46,10000,0,2000,0,0,9,6,39
46,10000,0,2000,0,0,9,6,39
47,77000,0,45000,1,163000,14,4,40
47,77000,0,45000,1,163000,14,4,40
47,77000,0,45000,1,163000,14,4,40
47,77000,0,45000,1,163000,14,4,40
47,77000,0,45000,1,163000,14,4,40
31,40000,0,20000,4,35000,11,4,23
31,40000,0,20000,4,35000,11,4,23
31,40000,0,20000,4,35000,11,4,23
31,40000,0,20000,4,35000,11,4,23
31,40000,0,20000,4,35000,11,4,23
27,39000,0,36000,3,22000,12,2,25
27,38000,0,36000,3,22000,12,2,25
27,39000,0,32000,3,22000,12,2,25
27,39000,0,29000,3,22000,12,2,25
27,39000,0,36000,3,22000,12,2,25
38,37000,0,10000,1,75000,13,1,27
38,37000,0,10000,1,75000,13,1,27
38,37000,0,10000,1,75000,13,1,27
38,37000,0,10000,1,75000,13,1,27
38,37000,0,10000,1,75000,13,1,27
60,101000,1,100000,1,123000,10,5,50
60,102000,1,100000,1,123000,10,5,50
60,102000,1,100000,1,123000,10,5,50
60,102000,1,100000,1,124000,10,5,50
60,102000,1,100000,1,123000,10,5,50
43,8000,0,4000,4,34000,9,3,37
43,8000,0,4000,4,34000,9,3,37
43,8000,0,4000,4,34000,9,3,37
43,8000,0,4000,4,34000,9,3,37
43,8000,0,4000,4,34000,9,3,37
30,260000,1,260000,1,49000,14,1,26
30,261000,1,260000,1,41000,14,1,26
30,260000,1,260000,1,41000,14,1,26
30,260000,1,260000,1,42000,14,1,26
30,261000,1,260000,1,43000,14,1,26
31,30000,0,25000,2,65000,11,2,28
31,30000,0,25000,2,65000,11,2,28
31,30000,0,25000,2,65000,11,2,28
31,30000,0,25000,2,65000,11,2,28
31,30000,0,25000,2,65000,11,2,28
32,69000,1,69000,0,48000,13,1,30
32,69000,1,69000,0,48000,13,1,30
32,69000,1,69000,0,48000,13,1,30
32,69000,1,69000,0,48000,13,1,30
32,69000,1,69000,0,48000,13,1,30
33,11000,0,9900,5,38000,9,2,24
33,11000,0,9900,5,38000,9,2,24
33,11000,0,9900,5,39000,9,2,24
33,11000,0,9900,5,38000,9,2,24
33,11000,0,10000,5,39000,9,2,24
59,60000,0,57000,1,219000,13,2,57
59,60000,0,57000,1,219000,13,2,57
59,60000,0,57000,1,219000,13,2,57
59,60000,0,57000,1,219000,13,2,57
59,60000,0,57000,1,219000,13,2,57
35,20000,0,17000,1,88000,12,4,24
35,20000,0,17000,1,88000,12,4,24
35,20000,0,17000,1,88000,12,4,24
35,20000,0,17000,1,88000,12,4,24
35,20000,0,17000,1,88000,12,4,24
46,24000,0,9100,1,131000,12,2,30
46,17000,0,9100,1,134000,12,2,30
46,24000,0,9000,1,132000,12,2,30
46,15000,0,9100,1,137000,12,2,30
46,24000,0,9100,1,135000,12,2,30
52,25000,0,6000,1,240000,12,5,31
52,25000,0,6000,1,240000,12,5,31
52,25000,0,6000,1,240000,12,5,31
52,25000,0,6000,1,240000,12,5,31
52,25000,0,6000,1,240000,12,5,31
29,35000,0,4000,1,95000,12,2,23
29,35000,0,4000,1,94000,12,2,23
29,35000,0,4000,1,94000,12,2,23
29,35000,0,4000,1,95000,12,2,23
29,35000,0,4000,1,94000,12,2,23
37,130000,1,75000,1,200000,13,5,28
37,130000,1,75000,1,200000,13,5,28
37,130000,1,75000,1,200000,13,5,28
37,130000,1,75000,1,200000,13,5,28
37,130000,1,75000,1,200000,13,5,28
51,4000,0,1800,4,129000,8,3,43
51,4000,0,1800,4,129000,8,3,43
51,4000,0,1800,4,129000,8,3,43
51,4000,0,1800,4,129000,8,3,43
51,4000,0,1800,4,129000,8,3,43
35,25000,0,3000,1,38000,12,3,23
35,25000,0,3000,1,38000,12,3,23
35,25000,0,3000,1,38000,12,3,23
35,25000,0,3000,1,38000,12,3,23
35,25000,0,3000,1,38000,12,3,23
32,15000,0,100,5,99000,9,4,21
32,15000,0,100,5,99000,9,4,21
32,15000,0,100,5,99000,9,4,21
32,15000,0,100,5,97000,9,4,21
32,15000,0,100,5,94000,9,4,21
34,68000,1,5300,1,115000,13,4,29
34,68000,1,5300,1,115000,13,4,29
34,68000,1,5300,1,115000,13,4,29
34,68000,1,5300,1,115000,13,4,29
34,68000,1,5300,1,115000,13,4,29
47,18000,0,5000,1,124000,13,5,34
47,18000,0,5000,1,124000,13,5,34
47,18000,0,5000,1,124000,13,5,34
47,18000,0,5000,1,124000,13,5,34
47,18000,0,5000,1,124000,13,5,34
45,25000,0,8000,1,36000,12,2,35
45,25000,0,8000,1,36000,12,2,35
45,25000,0,8000,1,36000,12,2,35
45,25000,0,8000,1,36000,12,2,35
45,25000,0,8000,1,36000,12,2,35
60,1500,1,800,5,45000,9,3,30
60,1500,1,800,5,45000,9,3,30
60,1500,1,800,5,45000,9,3,30
60,1500,1,800,5,45000,9,3,30
60,1500,1,800,5,45000,9,3,30
38,34000,1,33000,0,18000,10,3,36
38,34000,1,33000,0,18000,10,3,36
38,34000,1,33000,0,17000,10,3,36
38,34000,1,33000,0,20000,10,3,36
38,34000,1,33000,0,22000,10,3,36
51,18000,0,8000,1,149000,12,3,37
51,18000,0,8000,1,149000,12,3,37
51,18000,0,8000,1,149000,12,3,37
51,18000,0,8000,1,149000,12,3,37
51,18000,0,8000,1,149000,12,3,37
31,15000,0,5000,3,0,9,2,24
31,15000,0,5000,3,0,9,2,24
31,15000,0,5000,3,0,9,2,24
31,15000,0,5000,3,0,9,2,24
31,15000,0,5000,3,0,9,2,24
36,130000,0,120000,1,78000,14,4,27
36,130000,0,120000,1,78000,14,4,27
36,130000,0,120000,1,78000,14,4,27
36,130000,0,120000,1,78000,14,4,27
36,130000,0,120000,1,78000,14,4,27
46,42000,0,20000,2,77000,12,3,27
46,44000,0,19000,2,77000,12,3,27
46,37000,0,19000,2,77000,12,3,27
46,45000,0,19000,2,78000,12,3,27
46,41000,0,19000,2,78000,12,3,27
35,30000,0,17000,4,74000,12,4,22
35,30000,0,17000,4,74000,12,4,22
35,30000,0,17000,4,74000,12,4,22
35,30000,0,17000,4,74000,12,4,22
35,30000,0,17000,4,74000,12,4,22
23,13000,0,15000,3,70000,9,2,19
23,14000,0,16000,3,70000,9,2,19
23,14000,0,15000,3,70000,9,2,19
23,13000,0,15000,3,70000,9,2,19
23,13000,0,16000,3,70000,9,2,19
52,10000,1,23000,3,80000,12,4,32
52,10000,1,23000,3,80000,12,4,32
52,10000,1,23000,3,80000,12,4,32
52,10000,1,23000,3,80000,12,4,32
52,10000,1,23000,3,80000,12,4,32
32,98000,0,88000,2,300000,13,5,28
32,98000,0,88000,2,300000,13,5,28
32,98000,0,88000,2,300000,13,5,28
32,98000,0,88000,2,300000,13,5,28
32,98000,0,88000,2,300000,13,5,28
35,10000,1,9200,4,54000,9,2,21
35,10000,1,8700,4,52000,9,2,21
35,10000,1,7800,4,68000,9,2,21
35,10000,1,9100,4,52000,9,2,21
35,10000,1,7700,4,60000,9,2,21
27,30000,1,25000,2,45000,10,3,20
27,30000,1,25000,2,45000,10,3,20
27,30000,1,25000,2,45000,10,3,20
27,30000,1,25000,2,45000,10,3,20
27,30000,1,25000,2,45000,10,3,20
40,42000,1,34000,2,43000,11,6,28
40,42000,1,34000,2,43000,11,6,28
40,42000,1,34000,2,44000,11,6,28
40,42000,1,34000,2,43000,11,6,28
40,42000,1,34000,2,44000,11,6,28
50,10000,0,700,4,164000,12,2,31
50,10000,0,700,4,223000,12,2,31
50,10000,0,700,4,155000,12,2,31
50,10000,0,700,4,172000,12,2,31
50,10000,0,700,4,183000,12,2,31
32,32000,0,18000,3,113000,13,2,28
32,32000,0,18000,3,113000,13,2,28
32,32000,0,18000,3,113000,13,2,28
32,32000,0,18000,3,113000,13,2,28
32,32000,0,18000,3,113000,13,2,28
28,179000,1,180000,1,45000,14,1,27
28,179000,1,179000,1,52000,14,1,27
28,179000,1,179000,1,47000,14,1,27
28,180000,1,179000,1,49000,14,1,27
28,179000,1,179000,1,44000,14,1,27
38,11000,1,11000,1,85000,12,1,20
38,10000,1,10000,1,85000,12,1,31
38,11000,1,10000,1,85000,12,1,24
38,11000,1,11000,1,85000,12,1,27
38,11000,1,11000,1,85000,12,1,28
46,90000,1,65000,1,67000,13,2,42
46,90000,1,65000,1,61000,13,2,42
46,90000,1,65000,1,65000,13,2,42
46,90000,1,65000,1,62000,13,2,42
46,90000,1,65000,1,61000,13,2,42
45,90000,0,80000,1,80000,13,4,34
45,90000,0,80000,1,80000,13,4,34
45,90000,0,80000,1,80000,13,4,34
45,90000,0,80000,1,80000,13,4,34
45,90000,0,80000,1,80000,13,4,34
36,5000,0,4000,5,250000,10,4,34
36,5000,0,4000,5,250000,10,4,34
36,5000,0,4000,5,250000,10,4,34
36,5000,0,4000,5,250000,10,4,34
36,5000,0,4000,5,250000,10,4,34
33,180000,0,197000,1,81000,14,1,30
33,180000,0,197000,1,76000,14,1,30
33,180000,0,196000,1,80000,14,1,30
33,180000,0,196000,1,71000,14,1,30
33,180000,0,196000,1,84000,14,1,30
54,4500,0,4700,2,80000,12,1,52
54,4500,0,4700,2,80000,12,1,52
54,4500,0,4700,2,80000,12,1,52
54,4500,0,4600,2,80000,12,1,52
54,4500,0,4600,2,80000,12,1,52
48,9300,1,7400,1,26000,11,1,44
48,9400,1,7500,1,26000,11,1,44
48,9300,1,7500,1,26000,11,1,44
48,9300,1,7500,1,26000,11,1,44
48,9400,1,7500,1,26000,11,1,44
